"Snake_ID","season","pythons.removed","males","females","avg.total","avg.m","avg.f","ground","peak","search","MCP_sqmi","MCP.core.A_sqmi","MCP.core.B_sqmi","df.inactive.days","trapdays.corrected.breeding.season","min.dist.mi.corrected","min.dist.core.A.mi","min.dist.core.B.mi","sample.size","sample.size.core.A","sample.size.core.B","overlap","tracked_years"
"PYBI_01-T","2012-2013",0,0,0,0,0,0,0,0,"0",0,NA,NA,0,NA,0,0,0,1,0,0,NA,NA
"PYBI_01-T","2013-2014",0,0,0,0,0,0,0,0,"0",0.58,NA,0,0,143,2.95,0,0,7,0,1,NA,NA
"PYBI_01-T","2014-2015",0,0,0,0,0,0,0,0,"0",0,NA,NA,0,NA,0,0,0,1,0,0,NA,NA
"PYBI_01-T","2015-2016",0,0,0,0,0,0,0,0,"0",0.01,0.01,0,0,16,0.34,0.34,0,3,3,1,NA,NA
"PYBI_01-T","2016-2017",0,0,0,0,0,0,0,0,"0",0,0,NA,0,NA,2.08,0,0,2,1,0,NA,NA
"PYBI_01-T","2017-2018",0,0,0,0,0,0,0,0,"0",0.14,0.01,0,0,49,1.21,0.42,0.04,5,3,2,NA,NA
"PYBI_01-T","2018-2019",0,0,0,0,0,0,0,0,"0",0.06,0,0,0,35,2.23,0.46,0.46,3,2,2,NA,NA
"PYBI_01-T","2019-2020",0,0,0,0,0,0,0,0,"0",0,0,0,0,53,0.15,0,0,2,1,1,NA,NA
"PYBI_01-T","2020-2021",0,0,0,0,0,0,0,0,"0",0.28,NA,NA,0,NA,1.79,0,0,3,0,0,NA,NA
"PYBI_01","2012-2013",0,0,0,0,0,0,0,0,"0",1.9,0,0,0,NA,6.29,0,0,10,1,1,NA,NA
"PYBI_01","2013-2014",2,0,2,64.2,0,64.2,20,9,"9",1.45,0.25,0.19,0,175,5.42,2.23,2.05,23,9,7,NA,NA
"PYBI_01","2014-2015",6,4,2,34.25,16.02,70.7,9,7,"7",2.47,0,0,21,140,8.41,0.12,0.13,26,5,6,NA,NA
"PYBI_01","2014-2015",6,4,2,34.25,16.02,70.7,9,7,"7",2.47,0,0,0,140,8.41,0.12,0.13,26,5,6,NA,NA
"PYBI_01","2015-2016",0,0,0,0,0,0,15,8,"8",2.2,0.05,0.03,0,129,7.74,1.33,1.38,27,10,10,NA,NA
"PYBI_01","2016-2017",3,1,2,44.27,9.5,61.65,12,9,"9",2.91,0.11,0.15,0,161,13.03,1.88,1.81,30,11,11,NA,NA
"PYBI_01","2017-2018",2,0,2,55.35,0,55.35,19,6,"6",2.25,0.29,0.36,0,162,11.77,3.56,4.19,28,10,13,NA,NA
"PYBI_01","2018-2019",2,0,2,42.8,0,42.8,21,12,"12",6.1,2.69,2.69,0,162,18.88,8.12,7.8,37,15,16,NA,NA
"PYBI_01","2019-2020",4,1,3,44.12,16.6,53.3,13,9,"8",2.34,0.18,0.08,0,156,9.35,1.44,0.91,25,8,8,NA,NA
"PYBI_01","2020-2021",0,0,0,0,0,0,2,1,"1",1.27,0.08,0.08,0,153,5.27,0.98,1.09,17,4,5,NA,NA
"PYBI_01","2021-2022",0,0,0,0,0,0,1,0,"",0.06,0,0,0,64,1.24,0.17,0,5,2,1,NA,NA
"PYBI_02-T","2012-2013",0,0,0,0,0,0,0,0,"0",0,NA,NA,0,NA,0.28,0,0,2,0,0,NA,NA
"PYBI_02-T","2014-2015",0,0,0,0,0,0,0,0,"0",0.59,0,0,0,125,2.75,0,0,7,1,1,NA,NA
"PYBI_02-T","2015-2016",0,0,0,0,0,0,0,0,"0",0.02,0.02,0,0,35,1.4,1.4,1.2,3,3,2,NA,NA
"PYBI_02-T","2016-2017",0,0,0,0,0,0,0,0,"0",0,0,NA,0,NA,0,0,0,1,1,0,NA,NA
"PYBI_02","2012-2013",0,0,0,0,0,0,10,7,"6",0.5,0,0,0,72,2.99,0.19,0.2,17,8,9,NA,NA
"PYBI_02","2013-2014",0,0,0,0,0,0,14,10,"10",0.46,0.05,0,0,176,5.82,1.07,0.32,23,5,6,NA,NA
"PYBI_02","2014-2015",3,3,0,21.87,21.87,0,12,7,"6",0.98,0,0,0,137,4.56,0.09,0.05,16,7,6,NA,NA
"PYBI_02","2015-2016",0,0,0,0,0,0,20,0,"0",1.31,0.31,0.07,0,162,6.39,3.14,1.44,29,12,11,NA,NA
"PYBI_02","2016-2017",0,0,0,0,0,0,3,0,"0",0.79,0.04,0.04,0,161,4,0.55,0.55,17,3,3,NA,NA
"PYBI_02","2017-2018",0,0,0,0,0,0,2,0,"0",0.35,0,0,0,85,1.92,0.24,0,6,2,1,NA,NA
"PYBI_03-T","2012-2013",0,0,0,0,0,0,0,0,"0",0,NA,NA,0,NA,0.02,0,0,2,0,0,NA,NA
"PYBI_03-T","2013-2014",0,0,0,0,0,0,0,0,"0",0.12,0,0,0,59,1.76,0,0,6,1,1,NA,NA
"PYBI_03","2012-2013",0,0,0,0,0,0,16,16,"14",0.52,0,0,0,69,2.68,0.06,0.15,29,12,16,NA,NA
"PYBI_03","2013-2014",0,0,0,0,0,0,17,8,"5",0.59,0.53,0.57,0,176,4.87,2.38,2.51,21,5,7,NA,NA
"PYBI_04-T","2012-2013",0,0,0,0,0,0,0,0,"0",0.62,NA,0,0,27,3.08,0,0,8,0,1,NA,NA
"PYBI_04-T","2013-2014",0,0,0,0,0,0,0,0,"0",0.16,NA,NA,0,21,1.99,0,0,5,0,0,NA,NA
"PYBI_04","2012-2013",1,0,1,72.1,0,72.1,7,4,"3",1.08,0,0.01,0,26,3.88,0,0.47,12,1,3,NA,NA
"PYBI_04","2013-2014",0,0,0,0,0,0,29,22,"19",1.38,0.34,0.37,0,171,8.21,2.91,2.97,34,15,14,NA,NA
"PYBI_04","2014-2015",0,0,0,0,0,0,7,2,"2",1.62,1.46,1.43,0,139,9.02,3.72,3.69,13,5,4,NA,NA
"PYBI_05-T","2012-2013",0,0,0,0,0,0,0,0,"0",0,NA,NA,0,NA,0.18,0,0,3,0,0,NA,NA
"PYBI_05-T","2013-2014",0,0,0,0,0,0,0,0,"0",0,NA,NA,0,14,0.24,0,0,2,0,0,NA,NA
"PYBI_05","2012-2013",0,0,0,0,0,0,4,4,"1",0.32,NA,NA,0,4,2.85,0,0,16,0,0,NA,NA
"PYBI_05","2013-2014",0,0,0,0,0,0,5,1,"1",0.02,0,0,0,90,0.48,0.17,0,4,2,1,NA,NA
"PYBI_06-T","2013-2014",0,0,0,0,0,0,0,0,"0",0,0,0,0,3,0.1,0.1,0.1,2,2,2,NA,NA
"PYBI_06","2013-2014",0,0,0,0,0,0,20,18,"14",2.1,0.37,0.3,0,114,6.27,3,2.75,23,14,14,NA,NA
"PYBI_06","2014-2015",1,0,1,43.2,0,43.2,0,0,"0",0.1,0,0,0,95,2.48,0,0,3,1,1,NA,NA
"PYBI_07-T","2013-2014",0,0,0,0,0,0,0,0,"0",0.11,0,0,0,54,2.98,0.14,0.14,4,2,2,NA,NA
"PYBI_07","2013-2014",0,0,0,0,0,0,7,2,"2",1.27,0.01,0.02,0,66,4.45,0.27,0.56,11,3,4,NA,NA
"PYBI_07","2014-2015",0,0,0,0,0,0,0,0,"0",0,NA,NA,0,28,0.3,0,0,2,0,0,NA,NA
"PYBI_08-T","2013-2014",0,0,0,0,0,0,0,0,"0",0,0,0,0,NA,0,0,0,1,1,1,NA,NA
"PYBI_08-T","2014-2015",0,0,0,0,0,0,0,0,"0",0,NA,NA,0,NA,0,0,0,1,0,0,NA,NA
"PYBI_08-T","2015-2016",0,0,0,0,0,0,0,0,"0",0,0,0,0,NA,0,0,0,1,1,1,NA,NA
"PYBI_08","2013-2014",1,0,1,27.7,0,27.7,12,9,"5",0.19,0,0.02,0,69,2.26,0.23,0.47,22,3,5,NA,NA
"PYBI_08","2014-2015",0,0,0,0,0,0,3,1,"1",1.88,0,0,0,141,11.12,0.22,0.22,12,2,3,NA,NA
"PYBI_08","2015-2016",0,0,0,0,0,0,21,1,"2",0.4,0.02,0.02,0,153,4.75,1.72,1.89,25,15,17,NA,NA
"PYBI_09-T","2015-2016",0,0,0,0,0,0,0,0,"0",0,0,0,0,31,1.31,1.31,1.31,2,2,2,NA,NA
"PYBI_09","2013-2014",0,0,0,0,0,0,10,10,"8",0.18,0.02,0.02,0,53,3.39,0.65,0.65,20,6,7,NA,NA
"PYBI_09","2014-2015",0,0,0,0,0,0,11,4,"3",0.44,0,0,0,123,6.39,0.34,0,24,5,4,NA,NA
"PYBI_09","2015-2016",2,2,0,22.75,22.75,0,25,7,"8",0.68,0.25,0.12,0,167,7.2,4.21,2.58,37,12,11,NA,NA
"PYBI_10-T","2014-2015",0,0,0,0,0,0,0,0,"0",0,NA,0,0,100,0.46,0,0,2,0,1,NA,NA
"PYBI_10-T","2016-2017",0,0,0,0,0,0,0,0,"0",0,0,NA,0,16,0.06,0,0,2,1,0,NA,NA
"PYBI_10-T","2017-2018",0,0,0,0,0,0,0,0,"0",0,NA,0,0,NA,0,0,0,1,0,1,NA,NA
"PYBI_10","2013-2014",0,0,0,0,0,0,0,0,"0",0.05,NA,NA,0,NA,0.8,0,0,7,0,0,NA,NA
"PYBI_10","2014-2015",1,1,0,36.2,36.2,0,13,7,"6",0.79,0.02,0.01,0,149,4.77,0.79,0.65,24,8,7,NA,NA
"PYBI_10","2015-2016",0,0,0,0,0,0,7,1,"1",1.3,0.01,0.01,0,162,8.32,0.62,0.62,25,4,4,NA,NA
"PYBI_10","2016-2017",0,0,0,0,0,0,9,6,"5",1.11,0.02,0.03,0,141,6.64,0.45,0.62,23,5,5,NA,NA
"PYBI_10","2017-2018",0,0,0,0,0,0,16,7,"8",0.24,0.03,0.03,0,162,2.78,0.7,0.8,20,9,9,NA,NA
"PYBI_100-T","2022-2023",0,0,0,0,0,0,0,0,"0",0.25,NA,NA,0,NA,1.46,0,0,3,0,0,NA,NA
"PYBI_100-T","2023-2024",0,0,0,0,0,0,0,0,"0",0,NA,0,0,NA,0,0,0,1,0,1,NA,NA
"PYBI_100-T","2024-2025",0,0,0,0,0,0,0,0,"0",0,0,0,0,69,1.95,1.95,1.95,2,2,2,NA,NA
"PYBI_100","2022-2023",0,0,0,0,0,0,4,4,"3",1.48,0.04,0.04,0,42,5.98,1.28,1.66,10,5,6,NA,NA
"PYBI_100","2023-2024",0,0,0,0,0,0,9,9,"5",1.14,0.37,0.1,0,113,5.58,2.6,1.2,14,9,7,NA,NA
"PYBI_100","2024-2025",4,2,2,58.12,16.05,100.2,9,6,"6",3.04,0.36,0.18,0,141,8.02,3.05,2.9,11,6,6,NA,NA
"PYBI_101-T","2022-2023",0,0,0,0,0,0,0,0,"0",0.35,0,0,0,NA,2.34,0,0,4,1,1,NA,NA
"PYBI_101-T","2023-2024",0,0,0,0,0,0,0,0,"0",0,0,NA,0,NA,0.57,0,0,2,1,0,NA,NA
"PYBI_101","2022-2023",0,0,0,0,0,0,3,2,"1",0.21,0,0,0,35,1.97,0.14,0.86,5,2,3,NA,NA
"PYBI_101","2023-2024",0,0,0,0,0,0,13,12,"8",1.51,0.56,0.49,0,140,5.88,3.64,3.01,14,9,8,NA,NA
"PYBI_101","2024-2025",1,0,1,98.4,0,98.4,10,8,"7",2.94,0.24,0.22,0,141,6.82,2.39,2.19,12,6,6,NA,NA
"PYBI_102-T","2022-2023",0,0,0,0,0,0,0,0,"0",0,NA,NA,0,NA,1.51,0,0,3,0,0,NA,NA
"PYBI_102-T","2023-2024",0,0,0,0,0,0,0,0,"0",0,0,0,0,NA,0,0,0,1,1,1,NA,NA
"PYBI_102","2022-2023",0,0,0,0,0,0,5,4,"2",0.2,0.05,0.06,0,48,2.66,1.05,1.44,9,5,6,NA,NA
"PYBI_102","2023-2024",1,0,1,139.5,0,139.5,12,10,"9",0.51,0.42,0.36,0,140,4.66,3.7,3.16,15,9,8,NA,NA
"PYBI_102","2024-2025",1,0,1,112.8,0,112.8,10,9,"7",0.66,0.1,0.11,0,141,5.87,2.2,2.4,13,8,7,NA,NA
"PYBI_103-T","2024-2025",0,0,0,0,0,0,0,0,"0",0,NA,NA,0,NA,0,0,0,1,0,0,NA,NA
"PYBI_103","2022-2023",0,0,0,0,0,0,1,0,"",1.38,0.02,0.02,0,14,4.4,0.95,0.95,8,3,3,NA,NA
"PYBI_103","2023-2024",0,0,0,0,0,0,8,7,"6",1.72,0.26,0.21,0,85,7.9,4.4,3.05,12,7,5,NA,NA
"PYBI_103","2024-2025",5,1,4,88.52,31.6,102.75,11,9,"8",0.89,0.12,0.12,0,141,6.13,1.83,2.04,14,9,9,NA,NA
"PYBI_104-T","2022-2023",0,0,0,0,0,0,0,0,"0",0,NA,NA,0,NA,1.85,0,0,2,0,0,NA,NA
"PYBI_104","2022-2023",0,0,0,0,0,0,0,0,"0",0.41,NA,0,0,NA,2.21,0,0,5,0,1,NA,NA
"PYBI_104","2023-2024",0,0,0,0,0,0,0,0,"0",0,NA,NA,0,NA,0,0,0,1,0,0,NA,NA
"PYBI_105-T","2023-2024",0,0,0,0,0,0,0,0,"0",0,NA,0,0,NA,0.03,0,0,2,0,1,NA,NA
"PYBI_105-T","2024-2025",0,0,0,0,0,0,0,0,"0",0.11,NA,NA,0,40,1.03,0,0,3,0,0,NA,NA
"PYBI_105","2023-2024",0,0,0,0,0,0,6,4,"2",0.05,0.02,0.02,0,70,1.03,0.74,0.75,8,5,6,NA,NA
"PYBI_105","2024-2025",0,0,0,0,0,0,7,3,"1",0.16,0,0,0,62,1.56,0.24,0,5,3,1,NA,NA
"PYBI_106-T","2023-2024",0,0,0,0,0,0,0,0,"0",0,NA,NA,0,NA,0.92,0,0,2,0,0,NA,NA
"PYBI_106-T","2024-2025",0,0,0,0,0,0,0,0,"0",0,0,0,0,NA,0,0,0,1,1,1,NA,NA
"PYBI_106","2023-2024",0,0,0,0,0,0,8,4,"",0.04,0,0,0,80,1.07,0.19,0.08,8,5,5,NA,NA
"PYBI_106","2024-2025",0,0,0,0,0,0,10,8,"3",0.06,0.02,0.01,0,124,2.08,1.4,0.64,10,6,5,NA,NA
"PYBI_107-T","2024-2025",0,0,0,0,0,0,0,0,"0",0,0,0,0,12,0.19,0.19,0.19,3,3,3,NA,NA
"PYBI_107","2023-2024",0,0,0,0,0,0,1,0,"",1.46,0.38,0.38,0,48,6.06,1.73,1.73,7,4,4,NA,NA
"PYBI_107","2024-2025",0,0,0,0,0,0,7,3,"2",0.02,0,0,0,69,0.46,0.25,0.25,5,4,4,NA,NA
"PYBI_108","2023-2024",0,0,0,0,0,0,3,2,"2",1.55,0.48,0.66,14,41,5.8,2.82,3.14,7,4,5,NA,NA
"PYBI_108","2023-2024",0,0,0,0,0,0,3,2,"2",1.55,0.48,0.66,0,41,5.8,2.82,3.14,7,4,5,NA,NA
"PYBI_108","2024-2025",3,1,2,61.8,35.2,75.1,8,8,"8",0.21,0.14,0.14,0,134,2.92,2.1,1.94,11,8,6,NA,NA
"PYBI_109","2023-2024",0,0,0,0,0,0,2,1,"1",0.18,0,0,0,15,1.92,0,0.48,4,1,2,NA,NA
"PYBI_109","2024-2025",1,0,1,74.9,0,74.9,3,3,"3",1.01,0.1,0,0,90,4.07,1.31,0.68,7,4,3,NA,NA
"PYBI_11-T","2013-2014",0,0,0,0,0,0,0,0,"0",0,NA,NA,0,NA,0,0,0,1,0,0,NA,NA
"PYBI_11-T","2014-2015",0,0,0,0,0,0,0,0,"0",0,0,0,0,NA,0,0,0,1,1,1,NA,NA
"PYBI_11","2013-2014",0,0,0,0,0,0,0,0,"0",0.04,NA,NA,0,NA,1.38,0,0,13,0,0,NA,NA
"PYBI_11","2014-2015",0,0,0,0,0,0,12,7,"7",0.17,0.02,0,0,147,1.69,0.86,0.11,13,6,5,NA,NA
"PYBI_110-T","2023-2024",0,0,0,0,0,0,0,0,"0",0.03,NA,0,0,21,0.64,0,0,4,0,1,NA,NA
"PYBI_110","2023-2024",0,0,0,0,0,0,3,0,"",0,0,0,0,NA,0.16,0,0,2,1,1,NA,NA
"PYBI_110","2024-2025",0,0,0,0,0,0,1,0,"",0,NA,NA,0,45,0,0,0,3,0,0,NA,NA
"PYBI_111-T","2024-2025",0,0,0,0,0,0,0,0,"0",0,0,0,0,49,0.25,0.25,0.25,2,2,2,NA,NA
"PYBI_111","2024-2025",1,0,1,131.6,0,131.6,10,5,"4",0.36,0.26,0.2,0,135,4.3,3.35,2.63,12,8,7,NA,NA
"PYBI_112-T","2024-2025",0,0,0,0,0,0,0,0,"0",0,0,0,0,NA,0,0,0,1,1,1,NA,NA
"PYBI_112","2024-2025",4,3,1,37.71,40.35,29.8,12,7,"5",0.14,0.12,0.08,0,94,2.8,2.46,2.45,13,12,10,NA,NA
"PYBI_113","2024-2025",0,0,0,0,0,0,2,2,"",2.37,2.37,1.32,0,74,5.35,5.35,4.9,6,6,5,NA,NA
"PYBI_114-T","2024-2025",0,0,0,0,0,0,0,0,"0",0,0,0,0,50,0.19,0,0.19,2,1,2,NA,NA
"PYBI_114","2024-2025",0,0,0,0,0,0,8,3,"3",0.07,0.07,0.07,12,39,1.21,1.21,1.21,8,8,8,NA,NA
"PYBI_114","2024-2025",0,0,0,0,0,0,8,3,"3",0.07,0.07,0.07,0,39,1.21,1.21,1.21,8,8,8,NA,NA
"PYBI_115","2024-2025",0,0,0,0,0,0,3,3,"3",0,0,0,0,50,1.16,1.13,1.16,5,4,5,NA,NA
"PYBI_116","2024-2025",0,0,0,0,0,0,0,0,"",0,0,0,0,26,0.95,0.95,0.95,3,3,3,NA,NA
"PYBI_117-T","2024-2025",0,0,0,0,0,0,0,0,"0",0,NA,0,0,NA,0,0,0,1,0,1,NA,NA
"PYBI_117","2024-2025",0,0,0,0,0,0,2,0,"",0,0,0,0,NA,0,0,0,1,1,1,NA,NA
"PYBI_118","2024-2025",0,0,0,0,0,0,0,0,"",0,0,0,0,NA,0,0,0,1,1,1,NA,NA
"PYBI_119","2024-2025",0,0,0,0,0,0,0,0,"",0,NA,0,0,NA,0,0,0,1,0,1,NA,NA
"PYBI_12","2013-2014",0,0,0,0,0,0,0,0,"0",0.04,NA,NA,0,NA,0.75,0,0,6,0,0,NA,NA
"PYBI_12","2014-2015",0,0,0,0,0,0,6,2,"2",0,NA,NA,0,49,0.85,0,0,7,0,0,NA,NA
"PYBI_13-T","2014-2015",0,0,0,0,0,0,0,0,"0",0,NA,NA,0,NA,0.47,0,0,2,0,0,NA,NA
"PYBI_13-T","2017-2018",0,0,0,0,0,0,0,0,"0",0.16,0,NA,0,NA,1.6,0,0,4,1,0,NA,NA
"PYBI_13-T","2018-2019",0,0,0,0,0,0,0,0,"0",0.24,0,0,0,101,2.49,0.85,0,5,2,1,NA,NA
"PYBI_13-T","2023-2024",0,0,0,0,0,0,0,0,"0",0,0,0,0,NA,0.19,0,0,2,1,1,NA,NA
"PYBI_13-T","2024-2025",0,0,0,0,0,0,0,0,"0",0,NA,0,0,105,0.07,0,0,2,0,1,NA,NA
"PYBI_13","2014-2015",0,0,0,0,0,0,30,28,"27",0.75,0.02,0.01,0,116,4.13,1.04,0.59,39,24,21,NA,NA
"PYBI_13","2015-2016",5,2,3,68.32,80.35,60.3,14,13,"10",0.98,0.09,0.09,0,168,10.11,1.96,2.02,35,12,13,NA,NA
"PYBI_13","2016-2017",3,2,1,55.13,33.05,99.3,19,14,"12",0.55,0.17,0.17,0,163,6.62,3.04,3.16,28,18,17,NA,NA
"PYBI_13","2017-2018",1,1,0,41.4,41.4,0,24,15,"15",0.81,0.15,0.21,0,143,7.6,2.99,3.29,32,16,17,NA,NA
"PYBI_13","2017-2018",1,1,0,41.4,41.4,0,24,15,"15",0.81,0.15,0.21,6,143,7.6,2.99,3.29,32,16,17,NA,NA
"PYBI_13","2018-2019",1,0,1,52.9,0,52.9,23,11,"11",0.95,0.18,0.18,0,158,6.35,1.93,2.26,21,13,13,NA,NA
"PYBI_13","2023-2024",0,0,0,0,0,0,4,0,"",0.11,0,0.03,0,21,1.26,0.22,0.55,5,2,3,NA,NA
"PYBI_13","2024-2025",1,0,1,70.9,0,70.9,6,3,"1",0.29,0.18,0.18,7,126,2.91,1.9,1.7,11,8,7,NA,NA
"PYBI_13","2024-2025",1,0,1,70.9,0,70.9,6,3,"1",0.29,0.18,0.18,0,126,2.91,1.9,1.7,11,8,7,NA,NA
"PYBI_14-T","2015-2016",0,0,0,0,0,0,0,0,"0",0,0,0,0,22,0.08,0.08,0.08,2,2,2,NA,NA
"PYBI_14","2014-2015",0,0,0,0,0,0,22,20,"18",1.09,0.09,0.09,0,106,8.7,3.27,2.68,29,18,16,NA,NA
"PYBI_14","2015-2016",3,1,2,55.87,24.6,71.5,19,11,"9",0.56,0.12,0.01,0,168,4.62,1.49,0.36,22,10,7,NA,NA
"PYBI_15-T","2014-2015",0,0,0,0,0,0,0,0,"0",0,NA,NA,0,NA,0,0,0,1,0,0,NA,NA
"PYBI_15","2014-2015",0,0,0,0,0,0,8,2,"2",0.85,0,0,0,76,6.7,0.15,0.22,21,7,8,NA,NA
"PYBI_15","2015-2016",1,0,1,74.4,0,74.4,7,4,"5",0.85,0.2,0.02,0,119,7.12,2.91,0.85,11,6,4,NA,NA
"PYBI_16-T","2014-2015",0,0,0,0,0,0,0,0,"0",0,NA,0,0,NA,0,0,0,1,0,1,NA,NA
"PYBI_16","2014-2015",1,1,0,55,55,0,21,18,"14",0.06,0.03,0.03,0,94,2.2,1.55,1.55,30,15,15,NA,NA
"PYBI_17-T","2014-2015",0,0,0,0,0,0,0,0,"0",0,0,0,0,NA,0.34,0,0,2,1,1,NA,NA
"PYBI_17-T","2015-2016",0,0,0,0,0,0,0,0,"0",0,NA,NA,0,NA,0,0,0,1,0,0,NA,NA
"PYBI_17-T","2016-2017",0,0,0,0,0,0,0,0,"0",0,NA,NA,0,NA,0,0,0,1,0,0,NA,NA
"PYBI_17","2014-2015",2,0,2,60,0,60,21,20,"15",1.09,0.02,0.08,0,90,5.72,2.02,2.32,29,16,17,NA,NA
"PYBI_17","2015-2016",0,0,0,0,0,0,14,10,"10",1.35,0.71,0.45,0,168,11.81,6.68,4.88,38,14,12,NA,NA
"PYBI_17","2016-2017",0,0,0,0,0,0,16,11,"13",0.08,0.08,0.08,0,157,1.6,1.18,1.17,17,11,12,NA,NA
"PYBI_18","2014-2015",0,0,0,0,0,0,14,14,"14",0.14,0,0.02,0,83,1.7,0.13,0.52,16,13,14,NA,NA
"PYBI_19-T","2014-2015",0,0,0,0,0,0,0,0,"0",0,NA,NA,0,NA,0,0,0,1,0,0,NA,NA
"PYBI_19-T","2015-2016",0,0,0,0,0,0,0,0,"0",0,NA,NA,0,NA,0,0,0,1,0,0,NA,NA
"PYBI_19-T","2016-2017",0,0,0,0,0,0,0,0,"0",0,NA,NA,0,NA,0,0,0,1,0,0,NA,NA
"PYBI_19-T","2017-2018",0,0,0,0,0,0,0,0,"0",0,0,NA,0,NA,0.32,0,0,2,1,0,NA,NA
"PYBI_19-T","2018-2019",0,0,0,0,0,0,0,0,"0",1.12,0.02,0.02,0,126,4.8,0.68,0.68,10,3,3,NA,NA
"PYBI_19-T","2019-2020",0,0,0,0,0,0,0,0,"0",0.1,0,0,0,135,2.14,0,0,4,1,1,NA,NA
"PYBI_19-T","2020-2021",0,0,0,0,0,0,0,0,"0",0.95,0.03,0.01,0,141,6.19,0.85,0.55,14,5,5,NA,NA
"PYBI_19-T","2021-2022",0,0,0,0,0,0,0,0,"0",0.03,NA,NA,0,42,0.7,0,0,4,0,0,NA,NA
"PYBI_19-T","2022-2023",0,0,0,0,0,0,0,0,"0",0.13,0,0,0,93,2.46,0,0,4,1,1,NA,NA
"PYBI_19-T","2023-2024",0,0,0,0,0,0,0,0,"0",0.04,NA,0,0,NA,1.59,0,0,3,0,1,NA,NA
"PYBI_19-T","2024-2025",0,0,0,0,0,0,0,0,"0",0,NA,NA,0,NA,0,0,0,1,0,0,NA,NA
"PYBI_19","2014-2015",0,0,0,0,0,0,13,13,"13",0.53,0.04,0.05,0,64,4.07,0.66,0.79,25,12,13,NA,NA
"PYBI_19","2015-2016",3,2,1,37.57,25.8,61.1,15,12,"11",1.21,0.34,0.02,0,169,10.85,2.14,1.11,37,10,8,NA,NA
"PYBI_19","2016-2017",1,0,1,90,0,90,21,19,"18",2.37,0.31,0.31,0,176,11.58,4.24,3.08,35,19,13,NA,NA
"PYBI_19","2017-2018",0,0,0,0,0,0,15,12,"11",2.92,0.57,0.25,20,149,11.74,4.79,4.38,30,10,9,NA,NA
"PYBI_19","2017-2018",0,0,0,0,0,0,15,12,"11",2.92,0.57,0.25,0,149,11.74,4.79,4.38,30,10,9,NA,NA
"PYBI_19","2018-2019",1,0,1,37.3,0,37.3,23,16,"13",3.09,0.12,0.12,0,148,9.35,1.26,1.09,29,10,9,NA,NA
"PYBI_19","2019-2020",2,1,1,26.8,12.8,40.8,19,15,"9",1.75,0.38,0.32,0,146,9.44,3.49,3.27,28,11,10,NA,NA
"PYBI_19","2019-2020",2,1,1,26.8,12.8,40.8,19,15,"9",1.75,0.38,0.32,1,146,9.44,3.49,3.27,28,11,10,NA,NA
"PYBI_19","2020-2021",1,0,1,57.3,0,57.3,14,6,"2",1.6,0.13,0.05,0,100,5.47,2,1.29,13,7,6,NA,NA
"PYBI_19","2021-2022",0,0,0,0,0,0,11,6,"2",1,0.28,0.2,0,130,5.19,1.69,1.42,14,7,6,NA,NA
"PYBI_19","2022-2023",1,0,1,28.2,0,28.2,8,3,"1",0.74,0,0.02,0,154,5.48,0.32,0.58,13,3,3,NA,NA
"PYBI_19","2023-2024",0,0,0,0,0,0,7,4,"1",0.41,0.41,0.41,0,99,4.12,3.47,3.47,10,7,7,NA,NA
"PYBI_19","2023-2024",0,0,0,0,0,0,7,4,"1",0.41,0.41,0.41,22,99,4.12,3.47,3.47,10,7,7,NA,NA
"PYBI_19","2024-2025",5,4,1,40.96,27.58,94.5,6,3,"2",0.37,0.03,0.02,0,85,2.53,0.72,0.4,7,5,4,NA,NA
"PYBI_20-T","2015-2016",0,0,0,0,0,0,0,0,"0",0.02,NA,0,0,171,0.55,0,0,4,0,1,NA,NA
"PYBI_20","2014-2015",0,0,0,0,0,0,11,10,"10",0.42,0,0,0,42,5.29,0.14,0.22,32,5,8,NA,NA
"PYBI_20","2015-2016",0,0,0,0,0,0,14,2,"1",0.48,0.05,0.07,0,169,5.44,0.8,0.92,22,6,6,NA,NA
"PYBI_20","2016-2017",0,0,0,0,0,0,6,5,"4",0.24,0.02,0.02,0,175,2.85,0.57,0.81,16,5,6,NA,NA
"PYBI_21-T","2015-2016",0,0,0,0,0,0,0,0,"0",0,0,NA,0,4,0.24,0.24,0,2,2,0,NA,NA
"PYBI_21-T","2016-2017",0,0,0,0,0,0,0,0,"0",0,0,NA,0,NA,1.19,0,0,2,1,0,NA,NA
"PYBI_21-T","2017-2018",0,0,0,0,0,0,0,0,"0",0,NA,NA,0,10,0.34,0,0,2,0,0,NA,NA
"PYBI_21-T","2018-2019",0,0,0,0,0,0,0,0,"0",2.74,NA,NA,0,13,6.64,0,0,8,0,0,NA,NA
"PYBI_21-T","2019-2020",0,0,0,0,0,0,0,0,"0",1.25,0,0,0,77,4.55,0.48,0,7,2,1,NA,NA
"PYBI_21-T","2020-2021",0,0,0,0,0,0,0,0,"0",0,0,NA,0,NA,0,0,0,1,1,0,NA,NA
"PYBI_21","2014-2015",0,0,0,0,0,0,0,0,"0",1.55,NA,NA,0,NA,3.53,0,0,6,0,0,NA,NA
"PYBI_21","2015-2016",2,0,2,111.75,0,111.75,28,14,"6",1.21,0.24,0.24,0,175,12.82,6.14,5.49,41,17,16,NA,NA
"PYBI_21","2016-2017",11,6,5,34.15,17.22,54.46,39,36,"11",7,0.34,0.34,0,170,16.84,4.07,4.07,53,27,30,NA,NA
"PYBI_21","2017-2018",2,0,2,74.5,0,74.5,31,24,"16",4.84,0.05,0.04,0,155,12.06,1.2,0.92,47,16,14,NA,NA
"PYBI_21","2018-2019",4,2,2,46.77,17.75,75.8,26,16,"17",5.14,0.29,0.2,0,163,14.97,4.7,4.81,43,18,20,NA,NA
"PYBI_21","2018-2019",4,2,2,46.77,17.75,75.8,26,16,"17",5.14,0.29,0.2,14,163,14.97,4.7,4.81,43,18,20,NA,NA
"PYBI_21","2019-2020",3,1,2,83.23,53.4,98.15,26,19,"7",2.29,0.19,0.08,0,162,9.23,2.07,1.91,29,11,10,NA,NA
"PYBI_21","2020-2021",4,2,2,42.75,25.8,59.7,18,15,"7",7.09,3.77,1.06,0,165,11.64,5.81,4.08,19,11,11,NA,NA
"PYBI_22-T","2015-2016",0,0,0,0,0,0,0,0,"0",0,0,0,0,35,0.63,0,0,2,1,1,NA,NA
"PYBI_22-T","2016-2017",0,0,0,0,0,0,0,0,"0",0,0,0,0,80,0.21,0,0,2,1,1,NA,NA
"PYBI_22-T","2017-2018",0,0,0,0,0,0,0,0,"0",0,NA,NA,0,NA,0,0,0,1,0,0,NA,NA
"PYBI_22","2015-2016",3,2,1,0,0,103.2,33,17,"6",1.23,0.14,0.03,0,143,9.85,1.49,1.21,52,21,23,NA,NA
"PYBI_22","2016-2017",1,0,1,90.5,0,90.5,12,8,"9",2.89,0.45,0.48,0,162,14.44,4.18,3.57,32,11,11,NA,NA
"PYBI_22","2017-2018",3,1,2,49.67,13.9,67.55,24,20,"18",1.41,0.12,0.08,0,178,9.11,1.67,1.29,35,14,15,NA,NA
"PYBI_23","2015-2016",4,3,1,37.05,38.07,34,21,14,"14",0.02,0,0,0,90,1.05,0.88,0.87,25,21,19,NA,NA
"PYBI_24-T","2015-2016",0,0,0,0,0,0,0,0,"0",0,NA,NA,0,NA,0,0,0,1,0,0,NA,NA
"PYBI_24-T","2016-2017",0,0,0,0,0,0,0,0,"0",0,0,0,0,20,0.22,0,0.22,2,1,2,NA,NA
"PYBI_24-T","2017-2018",0,0,0,0,0,0,0,0,"0",0,NA,NA,0,NA,0.08,0,0,2,0,0,NA,NA
"PYBI_24-T","2018-2019",0,0,0,0,0,0,0,0,"0",0,NA,NA,0,NA,0,0,0,1,0,0,NA,NA
"PYBI_24","2015-2016",0,0,0,0,0,0,5,2,"0",1.49,0.22,0.22,0,84,7.1,1.95,1.56,21,8,6,NA,NA
"PYBI_24","2016-2017",3,0,3,59.43,0,59.43,6,4,"4",2.36,0.25,0.25,0,175,9.69,1.71,1.71,21,7,7,NA,NA
"PYBI_24","2017-2018",0,0,0,0,0,0,7,4,"6",1.16,0.09,0.04,0,150,5.18,1.21,0.92,18,9,8,NA,NA
"PYBI_24","2017-2018",0,0,0,0,0,0,7,4,"6",1.16,0.09,0.04,19,150,5.18,1.21,0.92,18,9,8,NA,NA
"PYBI_24","2018-2019",0,0,0,0,0,0,5,0,"1",0.07,NA,NA,0,46,2.6,0,0,7,0,0,NA,NA
"PYBI_26-T","2015-2016",0,0,0,0,0,0,0,0,"0",0,NA,NA,0,NA,0.95,0,0,2,0,0,NA,NA
"PYBI_26-T","2016-2017",0,0,0,0,0,0,0,0,"0",0,NA,NA,0,NA,0,0,0,1,0,0,NA,NA
"PYBI_26","2015-2016",0,0,0,0,0,0,14,11,"7",1.26,0,0.01,0,29,4.8,0.08,0.44,31,7,10,NA,NA
"PYBI_26","2016-2017",1,1,0,33.2,33.2,0,21,17,"16",0.66,0.05,0.05,0,175,4.72,1.67,1.94,31,10,12,NA,NA
"PYBI_27-T","2016-2017",0,0,0,0,0,0,0,0,"0",0,0,0,0,71,1.51,0,0,2,1,1,NA,NA
"PYBI_27-T","2017-2018",0,0,0,0,0,0,0,0,"0",0.63,0,NA,0,NA,2.84,0,0,3,1,0,NA,NA
"PYBI_27-T","2018-2019",0,0,0,0,0,0,0,0,"0",0,0,0,0,31,0.15,0.15,0,2,2,1,NA,NA
"PYBI_27-T","2021-2022",0,0,0,0,0,0,0,0,"0",0,NA,NA,0,NA,0,0,0,1,0,0,NA,NA
"PYBI_27-T","2022-2023",0,0,0,0,0,0,0,0,"0",0.89,0.06,0,0,110,5.05,0.98,0.2,5,3,2,NA,NA
"PYBI_27-T","2023-2024",0,0,0,0,0,0,0,0,"0",0.15,0.01,0.01,0,90,2.8,0.67,0.67,5,4,4,NA,NA
"PYBI_27-T","2024-2025",0,0,0,0,0,0,0,0,"0",0,0,NA,0,22,0.36,0,0,2,1,0,NA,NA
"PYBI_27","2015-2016",0,0,0,0,0,0,0,0,"0",1.5,NA,NA,0,NA,7.62,0,0,21,0,0,NA,NA
"PYBI_27","2016-2017",0,0,0,0,0,0,0,0,"0",2.12,0.8,0.8,0,176,15.63,4.56,3.98,39,18,11,NA,NA
"PYBI_27","2017-2018",0,0,0,0,0,0,10,7,"15",1.76,0.35,0.2,8,153,8.51,2.28,1.7,33,13,11,NA,NA
"PYBI_27","2017-2018",0,0,0,0,0,0,10,7,"15",1.76,0.35,0.2,7,153,8.51,2.28,1.7,33,13,11,NA,NA
"PYBI_27","2017-2018",0,0,0,0,0,0,10,7,"15",1.76,0.35,0.2,0,153,8.51,2.28,1.7,33,13,11,NA,NA
"PYBI_27","2018-2019",0,0,0,0,0,0,18,11,"11",2.8,0.15,0.15,0,142,6.88,1.87,1.65,18,11,9,NA,NA
"PYBI_27","2021-2022",0,0,0,0,0,0,2,0,"",0.6,0,0.03,0,7,3.78,0.41,0.92,8,2,3,NA,NA
"PYBI_27","2021-2022",0,0,0,0,0,0,2,0,"",0.6,0,0.03,13,7,3.78,0.41,0.92,8,2,3,NA,NA
"PYBI_27","2022-2023",0,0,0,0,0,0,12,5,"2",1.76,0.52,0.52,0,156,7.73,3.41,3.41,14,6,7,NA,NA
"PYBI_27","2023-2024",0,0,0,0,0,0,11,2,"2",3.1,0.23,0.19,0,105,8.61,2.38,1.83,12,6,5,NA,NA
"PYBI_27","2024-2025",4,3,1,59.18,32.43,139.4,7,3,"3",0.35,0.26,0.31,0,74,2.39,1.97,2.02,7,6,6,NA,NA
"PYBI_27","2024-2025",4,3,1,59.18,32.43,139.4,7,3,"3",0.35,0.26,0.31,13,74,2.39,1.97,2.02,7,6,6,NA,NA
"PYBI_28-T","2016-2017",0,0,0,0,0,0,0,0,"0",0,0,0,0,NA,0,0,0,1,1,1,NA,NA
"PYBI_28-T","2017-2018",0,0,0,0,0,0,0,0,"0",0,NA,NA,0,NA,2.8,0,0,2,0,0,NA,NA
"PYBI_28-T","2018-2019",0,0,0,0,0,0,0,0,"0",0.48,0,0,0,130,2.46,0,0.68,5,1,2,NA,NA
"PYBI_28-T","2019-2020",0,0,0,0,0,0,0,0,"0",0.04,NA,NA,0,4,1.15,0,0,4,0,0,NA,NA
"PYBI_28-T","2020-2021",0,0,0,0,0,0,0,0,"0",0.13,0,0,0,171,2.34,0.16,0,8,2,1,NA,NA
"PYBI_28-T","2021-2022",0,0,0,0,0,0,0,0,"0",1.16,0.05,0.01,0,123,4.53,1.28,0.53,11,5,4,NA,NA
"PYBI_28-T","2022-2023",0,0,0,0,0,0,0,0,"0",0.03,NA,0,0,144,0.68,0,0,3,0,1,NA,NA
"PYBI_28-T","2023-2024",0,0,0,0,0,0,0,0,"0",0,0,0,0,NA,2.62,0,0,2,1,1,NA,NA
"PYBI_28","2015-2016",0,0,0,0,0,0,2,2,"0",0.36,NA,NA,0,NA,4.11,0,0,18,0,0,NA,NA
"PYBI_28","2016-2017",0,0,0,0,0,0,21,16,"13",2.64,0.59,0.53,0,154,12.98,6.26,6.12,29,16,16,NA,NA
"PYBI_28","2017-2018",0,0,0,0,0,0,10,9,"9",3.55,0.36,0.36,0,158,7.11,2.63,2.41,23,9,9,NA,NA
"PYBI_28","2018-2019",0,0,0,0,0,0,18,10,"10",1.49,0.38,0.36,0,141,10.14,2.79,2.52,27,11,9,NA,NA
"PYBI_28","2019-2020",0,0,0,0,0,0,19,8,"3",1.22,0.35,0.4,2,149,12.09,4.49,4.34,23,10,9,NA,NA
"PYBI_28","2019-2020",0,0,0,0,0,0,19,8,"3",1.22,0.35,0.4,0,149,12.09,4.49,4.34,23,10,9,NA,NA
"PYBI_28","2020-2021",0,0,0,0,0,0,13,4,"2",1.66,0.06,0.18,0,132,11.03,1.45,2.09,18,5,6,NA,NA
"PYBI_28","2021-2022",1,0,1,124.6,0,124.6,9,3,"1",0.21,0,0,0,116,2.53,0.83,0.67,7,2,2,NA,NA
"PYBI_28","2021-2022",1,0,1,124.6,0,124.6,9,3,"1",0.21,0,0,18,116,2.53,0.83,0.67,7,2,2,NA,NA
"PYBI_28","2022-2023",3,2,1,51.1,35.6,82.1,7,4,"3",0.73,0.05,0.05,0,124,4.79,1.38,1.36,13,5,4,NA,NA
"PYBI_28","2023-2024",1,0,1,42.7,0,42.7,11,3,"3",2.12,0.18,0.16,0,105,7.47,2.41,2.32,15,9,8,NA,NA
"PYBI_28","2024-2025",0,0,0,0,0,0,2,2,"1",0.28,NA,NA,11,30,3.73,0,0,4,0,0,NA,NA
"PYBI_28","2024-2025",0,0,0,0,0,0,2,2,"1",0.28,NA,NA,0,30,3.73,0,0,4,0,0,NA,NA
"PYBI_29-T","2015-2016",0,0,0,0,0,0,0,0,"0",0,NA,NA,0,NA,0.19,0,0,2,0,0,NA,NA
"PYBI_29-T","2016-2017",0,0,0,0,0,0,0,0,"0",0.02,NA,NA,0,20,0.39,0,0,4,0,0,NA,NA
"PYBI_29-T","2017-2018",0,0,0,0,0,0,0,0,"0",0,0,0,0,29,0.85,0.85,0.85,2,2,2,NA,NA
"PYBI_29","2015-2016",0,0,0,0,0,0,0,0,"0",0,NA,NA,0,NA,0,0,0,1,0,0,NA,NA
"PYBI_29","2016-2017",1,0,1,106.3,0,106.3,33,25,"24",3.36,0.3,0.14,0,175,12.42,2.47,1.83,42,18,18,NA,NA
"PYBI_29","2017-2018",1,0,1,78.7,0,78.7,19,14,"13",1.31,0.51,0.28,0,176,7.9,3.35,2.84,24,11,9,NA,NA
"PYBI_29","2018-2019",0,0,0,0,0,0,0,0,"0",0,NA,NA,0,NA,0,0,0,1,0,0,NA,NA
"PYBI_30","2016-2017",1,1,0,35.2,35.2,0,28,28,"25",0.64,0,0,0,144,4.31,0.2,0.2,45,18,17,NA,NA
"PYBI_30","2017-2018",2,2,0,21.55,21.55,0,25,22,"20",0.14,0.1,0.08,0,156,2.81,1.08,0.96,28,12,10,NA,NA
"PYBI_31-T","2017-2018",0,0,0,0,0,0,0,0,"0",0.54,0.04,0.04,0,125,5,2.04,2.04,10,3,3,NA,NA
"PYBI_31-T","2018-2019",0,0,0,0,0,0,0,0,"0",0,NA,NA,0,28,5.9,0,0,2,0,0,NA,NA
"PYBI_31","2016-2017",2,2,0,14.55,14.55,0,10,10,"10",17.73,1.37,1.37,0,118,22.78,5.64,5.64,27,12,12,NA,NA
"PYBI_31","2017-2018",0,0,0,0,0,0,17,6,"8",2.86,0.39,0.21,0,127,12.01,4.13,3.31,26,11,9,NA,NA
"PYBI_31","2017-2018",0,0,0,0,0,0,17,6,"8",2.86,0.39,0.21,28,127,12.01,4.13,3.31,26,11,9,NA,NA
"PYBI_31","2018-2019",1,0,1,111,0,111,7,3,"3",1.13,NA,NA,0,41,4.25,0,0,7,0,0,NA,NA
"PYBI_31","2020-2021",0,0,0,0,0,0,0,0,"0",0,0,0,0,NA,0,0,0,1,1,1,NA,NA
"PYBI_32-T","2016-2017",0,0,0,0,0,0,0,0,"0",0,NA,0,0,NA,0.95,0,0,2,0,1,NA,NA
"PYBI_32","2016-2017",2,0,2,47.7,0,47.7,18,16,"16",9.3,0.63,0.63,0,104,16.39,3.48,3.16,31,17,18,NA,NA
"PYBI_32","2017-2018",8,6,2,44.5,23.8,106.6,20,17,"17",9.17,0.06,0.06,0,169,19.45,3.17,3.07,35,14,13,NA,NA
"PYBI_32","2018-2019",1,0,1,124.9,0,124.9,4,3,"3",1.25,0,0,0,85,5.15,0.31,0.17,8,3,2,NA,NA
"PYBI_33-T","2018-2019",0,0,0,0,0,0,0,0,"0",0,0,0,0,NA,2.36,0,0,2,1,1,NA,NA
"PYBI_33-T","2019-2020",0,0,0,0,0,0,0,0,"0",2.53,NA,NA,0,NA,4.69,0,0,4,0,0,NA,NA
"PYBI_33-T","2020-2021",0,0,0,0,0,0,0,0,"0",0.14,NA,NA,0,NA,3.03,0,0,3,0,0,NA,NA
"PYBI_33-T","2021-2022",0,0,0,0,0,0,0,0,"0",0,0,NA,0,NA,0,0,0,1,1,0,NA,NA
"PYBI_33","2016-2017",0,0,0,0,0,0,11,9,"7",1.08,0.2,0.2,0,72,4.65,1.86,1.64,25,13,12,NA,NA
"PYBI_33","2017-2018",0,0,0,0,0,0,19,18,"17",11.72,0.09,0.14,2,173,12.2,1.67,1.83,30,8,11,NA,NA
"PYBI_33","2017-2018",0,0,0,0,0,0,19,18,"17",11.72,0.09,0.14,0,173,12.2,1.67,1.83,30,8,11,NA,NA
"PYBI_33","2018-2019",0,0,0,0,0,0,12,9,"10",20.95,3.5,2.89,0,163,27.96,8.92,6.93,30,12,11,NA,NA
"PYBI_33","2019-2020",1,0,1,108.9,0,108.9,17,16,"6",19.23,3.15,3.15,0,144,20.99,8.38,7.16,31,16,14,NA,NA
"PYBI_33","2020-2021",4,2,2,65.17,22.15,108.2,9,8,"6",1.27,0.03,0.06,0,168,9.33,1.21,1.84,19,8,9,NA,NA
"PYBI_33","2021-2022",0,0,0,0,0,0,5,5,"2",3.61,1.1,0,0,68,7.07,3.52,0.58,9,4,2,NA,NA
"PYBI_34-T","2017-2018",0,0,0,0,0,0,0,0,"0",0.05,0,0,0,62,2.5,0,1.23,3,1,2,NA,NA
"PYBI_34-T","2018-2019",0,0,0,0,0,0,0,0,"0",4.83,NA,NA,0,56,8.85,0,0,6,0,0,NA,NA
"PYBI_34-T","2019-2020",0,0,0,0,0,0,0,0,"0",6.34,NA,0,0,163,12.86,0,0,10,0,1,NA,NA
"PYBI_34-T","2020-2021",0,0,0,0,0,0,0,0,"0",3.92,0,0,0,111,7.82,0,0,8,1,1,NA,NA
"PYBI_34-T","2021-2022",0,0,0,0,0,0,0,0,"0",2.51,NA,NA,0,44,7.12,0,0,9,0,0,NA,NA
"PYBI_34-T","2022-2023",0,0,0,0,0,0,0,0,"0",0.43,NA,NA,0,36,3.5,0,0,4,0,0,NA,NA
"PYBI_34-T","2023-2024",0,0,0,0,0,0,0,0,"0",0.24,NA,0,0,134,2.17,0,0,3,0,1,NA,NA
"PYBI_34-T","2024-2025",0,0,0,0,0,0,0,0,"0",0,NA,NA,0,NA,0,0,0,1,0,0,NA,NA
"PYBI_34","2016-2017",1,0,1,28.3,0,28.3,18,18,"16",9.68,1.25,1.15,0,98,16.54,6.99,6.55,37,16,18,NA,NA
"PYBI_34","2017-2018",0,0,0,0,0,0,22,12,"12",6.43,0.4,0.24,0,176,17.66,2.76,2.31,34,15,13,NA,NA
"PYBI_34","2018-2019",0,0,0,0,0,0,22,18,"19",5.43,1.23,0.05,0,155,12.81,4.33,1.2,33,10,9,NA,NA
"PYBI_34","2019-2020",4,2,2,37.38,12.95,61.8,27,20,"9",7.46,0.44,0.43,0,136,12.59,2.65,2.32,29,17,14,NA,NA
"PYBI_34","2020-2021",6,3,3,52.3,17.5,87.1,13,9,"5",3.89,0.21,0.24,0,158,10.24,2.3,2.34,23,10,10,NA,NA
"PYBI_34","2021-2022",4,2,2,74.35,31.3,117.4,16,8,"5",1.77,1.24,1.14,0,153,8.02,4.49,4.15,15,9,8,NA,NA
"PYBI_34","2022-2023",4,1,3,98.35,11,127.47,12,8,"6",3.47,1.05,1.05,0,154,8.44,4.24,3.86,19,10,10,NA,NA
"PYBI_34","2023-2024",2,0,2,108.75,0,108.75,12,9,"5",3.22,1,0.53,0,120,10.95,5.47,4.27,19,11,11,NA,NA
"PYBI_34","2024-2025",1,0,1,140.5,0,140.5,15,9,"8",2.09,0.14,0.04,0,142,4.78,1.71,1.16,18,11,12,NA,NA
"PYBI_35-T","2016-2017",0,0,0,0,0,0,0,0,"0",0.16,0,0,0,21,1.63,0.5,0.5,3,2,2,NA,NA
"PYBI_35-T","2017-2018",0,0,0,0,0,0,0,0,"0",0.04,NA,NA,0,27,2.11,0,0,4,0,0,NA,NA
"PYBI_35-T","2018-2019",0,0,0,0,0,0,0,0,"0",0.85,0,0,0,122,4.24,0.14,0.14,12,2,2,NA,NA
"PYBI_35-T","2019-2020",0,0,0,0,0,0,0,0,"0",0.85,0.04,0.16,0,147,6.21,0.94,1.44,12,3,4,NA,NA
"PYBI_35-T","2020-2021",0,0,0,0,0,0,0,0,"0",1.17,0.22,0.16,0,123,4.2,1.47,1.2,13,5,3,NA,NA
"PYBI_35-T","2021-2022",0,0,0,0,0,0,0,0,"0",0.64,0,0,0,97,2.44,1.09,1.09,7,2,2,NA,NA
"PYBI_35-T","2022-2023",0,0,0,0,0,0,0,0,"0",3.2,0,0,0,153,8.17,0.81,0.27,14,2,2,NA,NA
"PYBI_35-T","2023-2024",0,0,0,0,0,0,0,0,"0",0,0,0,0,38,0.1,0.1,0.1,3,3,3,NA,NA
"PYBI_35-T","2024-2025",0,0,0,0,0,0,0,0,"0",0.08,0,0,0,123,1.39,0.18,0.18,3,2,2,NA,NA
"PYBI_35","2016-2017",6,4,2,37.92,21.32,71.1,13,11,"10",1.1,0.38,0.38,0,91,7.95,4.16,4.16,30,11,11,NA,NA
"PYBI_35","2017-2018",2,0,2,65.5,0,65.5,24,17,"16",0.73,0.24,0.26,0,154,7.31,2.96,2.6,34,14,12,NA,NA
"PYBI_35","2018-2019",3,1,2,57.2,32.2,69.7,21,13,"13",1.27,0.24,0.18,0,153,6.18,2.11,2.06,26,11,10,NA,NA
"PYBI_35","2019-2020",0,0,0,0,0,0,23,12,"6",3.41,0.6,0.6,0,130,12.26,4.55,3.38,26,14,10,NA,NA
"PYBI_35","2020-2021",4,3,1,49.02,41.13,72.7,12,8,"4",1.15,0.08,0.1,0,172,4.99,1.17,1.28,17,6,7,0.11,5
"PYBI_35","2021-2022",4,3,1,58.3,27.57,150.5,8,4,"4",0.53,0.08,0.03,0,121,3.44,1.38,0.65,10,5,3,NA,NA
"PYBI_35","2022-2023",1,0,1,105.8,0,105.8,13,3,"1",1.57,0.04,0.05,0,139,2.98,0.68,0.77,9,4,5,NA,NA
"PYBI_35","2023-2024",3,1,2,47.97,37.4,53.25,8,4,"3",1.25,0.01,0.01,0,126,5.98,0.66,0.58,12,3,3,NA,NA
"PYBI_35","2024-2025",0,0,0,0,0,0,10,4,"3",1.3,0.64,0.17,0,119,6.25,3.1,1.75,12,10,8,NA,NA
"PYBI_36","2016-2017",0,0,0,0,0,0,2,2,"1",2.28,NA,0,0,8,6.22,0,0,14,0,1,NA,NA
"PYBI_36","2017-2018",1,1,0,35.1,35.1,0,16,12,"12",1.04,0.02,0,0,87,4.5,0.72,0.31,18,4,2,NA,NA
"PYBI_37-T","2016-2017",0,0,0,0,0,0,0,0,"0",0,NA,NA,0,NA,0,0,0,1,0,0,NA,NA
"PYBI_37-T","2017-2018",0,0,0,0,0,0,0,0,"0",0,NA,NA,0,NA,0,0,0,1,0,0,NA,NA
"PYBI_37-T","2018-2019",0,0,0,0,0,0,0,0,"0",0.29,0,0,0,128,2.41,0.77,0.65,6,3,2,NA,NA
"PYBI_37","2016-2017",0,0,0,0,0,0,2,2,"1",2.15,NA,0,0,18,5.04,0,0,14,0,1,NA,NA
"PYBI_37","2017-2018",0,0,0,0,0,0,25,17,"14",1.73,1.24,1.08,0,158,14.02,5.63,5.03,34,14,13,NA,NA
"PYBI_37","2018-2019",0,0,0,0,0,0,18,5,"4",0.63,0.18,0.46,0,161,5.59,1.69,2.77,15,6,7,0.58,3
"PYBI_38","2016-2017",0,0,0,0,0,0,0,0,"0",2.77,NA,NA,0,NA,9.24,0,0,13,0,0,NA,NA
"PYBI_38","2017-2018",1,0,1,94.7,0,94.7,22,18,"18",0.25,0.05,0.05,0,164,3.63,1.35,1.41,25,14,15,NA,NA
"PYBI_39-T","2017-2018",0,0,0,0,0,0,0,0,"0",0,NA,NA,0,NA,0,0,0,1,0,0,NA,NA
"PYBI_39-T","2018-2019",0,0,0,0,0,0,0,0,"0",0.07,0,NA,0,NA,0.99,0,0,4,1,0,NA,NA
"PYBI_39-T","2019-2020",0,0,0,0,0,0,0,0,"0",0,NA,NA,0,NA,0,0,0,1,0,0,NA,NA
"PYBI_39","2017-2018",3,1,2,37.7,24,44.55,16,15,"14",0.13,0.11,0.12,0,101,4.86,2.92,3.54,27,14,14,NA,NA
"PYBI_39","2018-2019",2,1,1,34.55,17.7,51.4,32,23,"22",1.48,0.33,0.2,0,154,8.91,2.81,2.34,36,17,17,0.26,2
"PYBI_39","2024-2025",0,0,0,0,0,0,0,0,"",0,0,0,7,0,0,1.03,1.03,2,2,2,NA,NA
"PYBI_39","2024-2025",0,0,0,0,0,0,0,0,"",0,0,0,0,0,0,1.03,1.03,2,2,2,NA,NA
"PYBI_40-T","2017-2018",0,0,0,0,0,0,0,0,"0",0,NA,NA,0,NA,0,0,0,1,0,0,NA,NA
"PYBI_40-T","2018-2019",0,0,0,0,0,0,0,0,"0",0,0,0,0,NA,1.99,0,0,2,1,1,NA,NA
"PYBI_40","2017-2018",3,1,2,46.17,25.6,56.45,20,19,"19",1.31,0.04,0.07,0,101,8.43,2.07,2.6,32,18,18,NA,NA
"PYBI_40","2018-2019",0,0,0,0,0,0,20,11,"10",2.32,0.85,0.85,0,156,14.84,3.91,3.67,34,13,13,0.21,2
"PYBI_40","2019-2020",0,0,0,0,0,0,1,1,"3 aerial",0.93,0,0,0,134,2.72,0,0,8,1,1,NA,NA
"PYBI_41-T","2017-2018",0,0,0,0,0,0,0,0,"0",0.09,0,0,0,33,2.44,0.73,0.73,4,2,2,NA,NA
"PYBI_41-T","2018-2019",0,0,0,0,0,0,0,0,"0",0.2,0,0,0,98,4.48,0,0,4,1,1,NA,NA
"PYBI_41","2017-2018",0,0,0,0,0,0,13,8,"8",0.39,0.14,0.14,0,74,5.21,2,2.25,17,9,11,NA,NA
"PYBI_41","2018-2019",0,0,0,0,0,0,20,17,"17",4.7,1,0.27,0,158,10.9,4.4,2.59,25,14,13,0.17,2
"PYBI_42-T","2017-2018",0,0,0,0,0,0,0,0,"0",0.09,0.01,0.01,0,58,2.02,0.46,0.77,6,3,4,NA,NA
"PYBI_42-T","2018-2019",0,0,0,0,0,0,0,0,"0",0.37,0.02,0.02,0,118,5.49,0.6,0.6,13,4,4,NA,NA
"PYBI_42-T","2019-2020",0,0,0,0,0,0,0,0,"0",0.14,0,0,0,123,1.9,0,0,3,1,1,NA,NA
"PYBI_42-T","2021-2022",0,0,0,0,0,0,0,0,"0",0.09,0.08,0.08,0,98,2.61,1.39,1.39,4,3,3,NA,NA
"PYBI_42-T","2022-2023",0,0,0,0,0,0,0,0,"0",0,0,NA,0,NA,0.86,0,0,2,1,0,NA,NA
"PYBI_42-T","2023-2024",0,0,0,0,0,0,0,0,"0",0,0,0,0,NA,0,0,0,1,1,1,NA,NA
"PYBI_42-T","2024-2025",0,0,0,0,0,0,0,0,"0",0,0,0,0,NA,0,0,0,1,1,1,NA,NA
"PYBI_42","2017-2018",0,0,0,0,0,0,12,5,"5",0.62,0.04,0.04,0,47,5.27,1.17,1.17,21,7,7,NA,NA
"PYBI_42","2018-2019",0,0,0,0,0,0,21,7,"5",1.5,0.36,0.74,0,153,10.26,3.16,3.55,26,7,7,NA,NA
"PYBI_42","2019-2020",2,0,2,68,0,68,12,5,"5",0.89,0.32,0.32,0,130,8.95,3.68,3.16,21,10,8,0.46,3
"PYBI_42","2019-2020",2,0,2,68,0,68,12,5,"5",0.89,0.32,0.32,10,130,8.95,3.68,3.16,21,10,8,0.46,3
"PYBI_42","2020-2021",0,0,0,0,0,0,4,3,"1",1.77,0.5,0.72,0,168,8.49,3.13,3.31,14,5,6,0.02,4
"PYBI_42","2021-2022",3,1,2,32.43,29.3,34,9,6,"1",1.46,0.05,0.49,6,143,6.31,0.86,2.25,10,3,4,NA,NA
"PYBI_42","2021-2022",3,1,2,32.43,29.3,34,9,6,"1",1.46,0.05,0.49,0,143,6.31,0.86,2.25,10,3,4,NA,NA
"PYBI_42","2022-2023",3,1,2,55.9,16.1,75.8,8,6,"3",1.26,0.16,0.11,0,126,5.58,1.51,1.42,14,7,7,NA,NA
"PYBI_42","2023-2024",1,0,1,42.6,0,42.6,9,4,"3",0.47,0.43,0.43,0,120,5.34,2.49,2.49,12,7,7,NA,NA
"PYBI_42","2024-2025",1,0,1,121.6,0,121.6,6,4,"3",0.08,0.07,0.04,21,103,1.49,1.26,0.71,9,7,6,NA,NA
"PYBI_42","2024-2025",1,0,1,121.6,0,121.6,6,4,"3",0.08,0.07,0.04,0,103,1.49,1.26,0.71,9,7,6,NA,NA
"PYBI_43-T","2017-2018",0,0,0,0,0,0,0,0,"0",0,NA,NA,0,NA,0.89,0,0,2,0,0,NA,NA
"PYBI_43-T","2018-2019",0,0,0,0,0,0,0,0,"0",0.53,0,0,0,122,2.76,0.05,0.05,9,2,2,NA,NA
"PYBI_43-T","2019-2020",0,0,0,0,0,0,0,0,"0",0,NA,NA,0,NA,0,0,0,1,0,0,NA,NA
"PYBI_43-T","2021-2022",0,0,0,0,0,0,0,0,"0",0.2,NA,NA,0,NA,1.79,0,0,4,0,0,NA,NA
"PYBI_43-T","2022-2023",0,0,0,0,0,0,0,0,"0",0.77,0,0,0,55,4.28,0,0,4,1,1,NA,NA
"PYBI_43","2017-2018",2,2,0,19.65,19.65,0,13,13,"12",0.52,0.07,0.07,0,65,3.26,0.95,0.95,24,11,13,NA,NA
"PYBI_43","2018-2019",2,1,1,48.55,18.6,78.5,38,27,"26",2.72,0.26,0.28,0,162,13.43,3.78,4.13,40,17,16,0.16,2
"PYBI_43","2019-2020",0,0,0,0,0,0,10,8,"",0.45,NA,NA,0,29,2.16,0,0,8,0,0,NA,NA
"PYBI_43","2021-2022",0,0,0,0,0,0,12,8,"5",0.79,0.29,0.29,12,155,6.31,3.27,2.94,20,10,9,NA,NA
"PYBI_43","2021-2022",0,0,0,0,0,0,12,8,"5",0.79,0.29,0.29,0,155,6.31,3.27,2.94,20,10,9,NA,NA
"PYBI_43","2022-2023",2,0,2,117.7,0,117.7,9,5,"3",4.84,1.06,0.14,0,126,9,4.12,2.56,12,8,6,NA,NA
"PYBI_44-T","2017-2018",0,0,0,0,0,0,0,0,"0",0,NA,NA,0,NA,0,0,0,1,0,0,NA,NA
"PYBI_44-T","2018-2019",0,0,0,0,0,0,0,0,"0",0,0,0,0,1,0.17,0.17,0.17,2,2,2,NA,NA
"PYBI_44-T","2019-2020",0,0,0,0,0,0,0,0,"0",0.84,0,0,0,10,4.92,0.99,0.99,7,2,2,NA,NA
"PYBI_44-T","2020-2021",0,0,0,0,0,0,0,0,"0",0.91,0.42,0.42,0,138,6.72,2.02,2.02,10,4,4,NA,NA
"PYBI_44-T","2021-2022",0,0,0,0,0,0,0,0,"0",1.64,0.15,0.1,0,181,8.18,1.19,0.89,14,5,4,NA,NA
"PYBI_44-T","2022-2023",0,0,0,0,0,0,0,0,"0",0,0,0,0,NA,2.02,0,0,2,1,1,NA,NA
"PYBI_44-T","2023-2024",0,0,0,0,0,0,0,0,"0",0,0,0,0,NA,0,0,0,1,1,1,NA,NA
"PYBI_44","2017-2018",0,0,0,0,0,0,12,5,"6",1.55,0.5,0.5,0,67,10,5.54,5.54,24,12,12,NA,NA
"PYBI_44","2018-2019",2,1,1,63,40.5,85.5,15,6,"6",1.53,0.62,0.25,0,126,9.96,2.81,2.08,23,9,7,0.23,2
"PYBI_44","2019-2020",1,1,0,17.5,17.5,0,0,0,"0",0.51,0.34,0.34,0,73,6.55,2.99,3.23,13,7,8,NA,NA
"PYBI_44","2020-2021",1,0,1,19.2,0,19.2,0,0,"0",2.04,0.3,0.43,0,143,11.13,3.21,2.77,21,9,10,NA,NA
"PYBI_44","2021-2022",3,2,1,41.63,18,88.9,0,0,"0",1.19,0.42,0.24,2,131,7.27,2.54,1.63,11,4,3,NA,NA
"PYBI_44","2021-2022",3,2,1,41.63,18,88.9,0,0,"0",1.19,0.42,0.24,0,131,7.27,2.54,1.63,11,4,3,NA,NA
"PYBI_44","2022-2023",0,0,0,0,0,0,0,0,"0",1.4,0.04,0.04,0,126,4.7,1.24,1.35,11,4,4,NA,NA
"PYBI_44","2023-2024",0,0,0,0,0,0,0,0,"0",1,0.29,0.29,0,140,7.04,2.61,2.61,14,6,7,NA,NA
"PYBI_44","2024-2025",1,0,1,22.3,0,22.3,8,4,"4",1.07,0.01,0.01,13,118,3.25,0.84,0.84,13,8,8,0.13,8
"PYBI_44","2024-2025",1,0,1,22.3,0,22.3,8,4,"4",1.07,0.01,0.01,0,118,3.25,0.84,0.84,13,8,8,0.13,8
"PYBI_45-T","2018-2019",0,0,0,0,0,0,0,0,"0",0.66,0,0,0,63,3.75,0,0,6,1,1,NA,NA
"PYBI_45-T","2019-2020",0,0,0,0,0,0,0,0,"0",0.17,NA,NA,0,NA,3.83,0,0,6,0,0,NA,NA
"PYBI_45-T","2020-2021",0,0,0,0,0,0,0,0,"0",0.26,NA,NA,0,32,2.1,0,0,6,0,0,NA,NA
"PYBI_45-T","2021-2022",0,0,0,0,0,0,0,0,"0",0.36,0,0,0,58,2.01,0.74,0.74,4,2,2,NA,NA
"PYBI_45-T","2022-2023",0,0,0,0,0,0,0,0,"0",0.17,NA,NA,0,41,1.7,0,0,3,0,0,NA,NA
"PYBI_45","2017-2018",0,0,0,0,0,0,5,3,"3",4.64,0.04,0.45,0,42,8.88,1.73,2.26,17,3,5,NA,NA
"PYBI_45","2018-2019",2,1,1,65.35,49.9,80.8,29,20,"20",4.03,1.06,1.06,0,158,20.73,7.18,7.37,40,20,20,NA,NA
"PYBI_45","2019-2020",5,3,2,61.98,15.97,131,28,27,"8",1.35,0.22,0.6,5,158,6.81,1.62,2.87,31,13,12,0.38,3
"PYBI_45","2019-2020",5,3,2,61.98,15.97,131,28,27,"8",1.35,0.22,0.6,0,158,6.81,1.62,2.87,31,13,12,0.38,3
"PYBI_45","2020-2021",1,0,1,71.4,0,71.4,21,17,"10",1.9,0.95,0.81,0,141,9.87,6.37,4.82,23,12,10,0.22,4
"PYBI_45","2021-2022",1,0,1,106.8,0,106.8,14,12,"4",1.13,0.34,0.41,2,161,6.46,2.34,2.55,20,10,10,0.3,5
"PYBI_45","2021-2022",1,0,1,106.8,0,106.8,14,12,"4",1.13,0.34,0.41,0,161,6.46,2.34,2.55,20,10,10,0.3,5
"PYBI_45","2022-2023",6,4,2,47.09,15.53,110.22,15,10,"4",1.97,0.65,0.48,0,179,6.1,2.86,2.29,16,11,9,0.24,6
"PYBI_45","2024-2025",0,0,0,0,0,0,3,3,"1",2.51,0.37,2.51,16,34,1.76,3.21,4.66,5,4,5,NA,NA
"PYBI_45","2024-2025",0,0,0,0,0,0,3,3,"1",2.51,0.37,2.51,0,34,1.76,3.21,4.66,5,4,5,NA,NA
"PYBI_47-T","2017-2018",0,0,0,0,0,0,0,0,"0",0,NA,NA,0,NA,0.38,0,0,2,0,0,NA,NA
"PYBI_47-T","2018-2019",0,0,0,0,0,0,0,0,"0",0.76,0.04,0.04,0,170,5.07,0.58,0.58,15,3,3,NA,NA
"PYBI_47-T","2019-2020",0,0,0,0,0,0,0,0,"0",0.44,0.02,0,0,24,2.71,1.19,0.66,8,3,2,NA,NA
"PYBI_47-T","2020-2021",0,0,0,0,0,0,0,0,"0",0.61,0.03,0.03,0,93,4.19,0.55,0.55,9,3,3,NA,NA
"PYBI_47-T","2021-2022",0,0,0,0,0,0,0,0,"0",0.07,0,0,0,77,1.56,0,0,4,1,1,NA,NA
"PYBI_47","2017-2018",0,0,0,0,0,0,0,0,"0",0,NA,NA,0,NA,0.29,0,0,2,0,0,NA,NA
"PYBI_47","2018-2019",3,1,2,85.13,30.2,112.6,31,17,"12",0.72,0.51,0.55,0,154,9.76,3.66,3.76,32,11,12,NA,NA
"PYBI_47","2019-2020",3,0,3,58,0,58,15,8,"7",1.49,0.15,0.16,0,156,8.79,2.24,2.24,24,8,7,0.37,3
"PYBI_47","2020-2021",1,0,1,88.6,0,88.6,18,13,"6",0.94,0.43,0.73,0,134,7.74,3.02,3.64,20,10,11,0.2,4
"PYBI_47","2021-2022",0,0,0,0,0,0,9,6,"1",0.45,0.1,0,0,92,3.03,1.3,0.62,8,3,2,NA,NA
"PYBI_48-T","2018-2019",0,0,0,0,0,0,0,0,"0",0.02,0,0,0,62,0.53,0,0,6,1,1,NA,NA
"PYBI_48","2017-2018",0,0,0,0,0,0,0,0,"0",0,NA,NA,0,NA,0.18,0,0,2,0,0,NA,NA
"PYBI_48","2018-2019",0,0,0,0,0,0,20,13,"12",0.06,0,0,0,162,1.33,0.12,0.12,23,8,8,NA,NA
"PYBI_49-T","2018-2019",0,0,0,0,0,0,0,0,"0",0.17,NA,NA,0,NA,1.58,0,0,4,0,0,NA,NA
"PYBI_49","2018-2019",4,2,2,28.4,16,40.8,20,17,"17",1.17,0.3,0.14,0,111,4.86,2.54,2.17,23,16,16,NA,NA
"PYBI_50-T","2018-2019",0,0,0,0,0,0,0,0,"0",0.11,0.01,0,0,63,1.21,0.42,0.13,10,5,4,NA,NA
"PYBI_50-T","2019-2020",0,0,0,0,0,0,0,0,"0",0.6,0.03,0.02,0,131,3.5,1.17,1.07,8,5,4,NA,NA
"PYBI_50-T","2020-2021",0,0,0,0,0,0,0,0,"0",0.13,0,0,0,81,1.27,0.14,0.14,5,2,2,NA,NA
"PYBI_50","2018-2019",0,0,0,0,0,0,15,5,"5",0.24,0.03,0.03,0,104,2.42,0.75,0.71,17,9,9,NA,NA
"PYBI_50","2019-2020",3,2,1,22.6,15.6,36.6,19,9,"7",0.76,0.17,0.24,0,150,9.8,2.45,3.45,23,8,9,0.25,2
"PYBI_50","2020-2021",2,1,1,60.05,31.8,88.3,10,7,"4",0.81,0.13,0.25,0,173,3.51,1.37,1.68,10,4,5,NA,NA
"PYBI_51-T","2018-2019",0,0,0,0,0,0,0,0,"0",0.16,0,0,0,56,2.44,0.42,0.42,11,2,2,NA,NA
"PYBI_51-T","2019-2020",0,0,0,0,0,0,0,0,"0",0.01,NA,NA,0,NA,1.38,0,0,4,0,0,NA,NA
"PYBI_51-T","2020-2021",0,0,0,0,0,0,0,0,"0",0.03,NA,NA,0,38,0.71,0,0,4,0,0,NA,NA
"PYBI_51-T","2021-2022",0,0,0,0,0,0,0,0,"0",0.85,NA,0,0,164,4.77,0,0,7,0,1,NA,NA
"PYBI_51-T","2022-2023",0,0,0,0,0,0,0,0,"0",0,NA,NA,0,36,0.05,0,0,2,0,0,NA,NA
"PYBI_51","2018-2019",3,2,1,28.8,17.75,50.9,15,10,"10",0.41,0.27,0.3,0,99,6.07,3.46,3.97,20,12,12,NA,NA
"PYBI_51","2019-2020",1,0,1,30.6,0,30.6,25,15,"9",0.59,0.51,0.08,0,153,6.96,4.31,2.01,28,16,11,0.7,2
"PYBI_51","2020-2021",4,2,2,15.22,10.05,20.4,13,9,"6",2.03,0,0,0,101,5.15,0.3,0.19,20,7,8,NA,NA
"PYBI_51","2021-2022",0,0,0,0,0,0,20,17,"1",0.68,0.02,0.04,0,144,3.16,0.63,0.66,18,11,10,NA,NA
"PYBI_51","2022-2023",1,0,1,109.5,0,109.5,5,2,"1",0.25,NA,NA,0,56,2.41,0,0,4,0,0,NA,NA
"PYBI_52-T","2018-2019",0,0,0,0,0,0,0,0,"0",0.5,0,0,0,NA,4.65,0,0,10,1,1,NA,NA
"PYBI_52-T","2019-2020",0,0,0,0,0,0,0,0,"0",1.49,0.07,0.07,0,97,6.63,1.19,1.19,11,5,5,NA,NA
"PYBI_52-T","2020-2021",0,0,0,0,0,0,0,0,"0",0.21,0,NA,0,56,1.48,0,0,3,1,0,NA,NA
"PYBI_52-T","2021-2022",0,0,0,0,0,0,0,0,"0",0.68,0,NA,0,65,2.53,1.19,0,5,2,0,NA,NA
"PYBI_52-T","2022-2023",0,0,0,0,0,0,0,0,"0",0.22,0,0,0,113,2.31,0,0,3,1,1,NA,NA
"PYBI_52-T","2023-2024",0,0,0,0,0,0,0,0,"0",0.02,NA,0,0,26,0.59,0,0,4,0,2,NA,NA
"PYBI_52-T","2024-2025",0,0,0,0,0,0,0,0,"0",0,NA,0,0,NA,0,0,0,1,0,1,NA,NA
"PYBI_52","2018-2019",0,0,0,0,0,0,11,8,"4",1.3,0.01,0.01,0,94,7.98,0.92,0.48,18,9,8,NA,NA
"PYBI_52","2019-2020",1,0,1,76.7,0,76.7,18,11,"5",2.4,0.44,0.25,0,132,11.77,3.19,2.31,20,8,6,NA,NA
"PYBI_52","2020-2021",4,2,2,32.45,18.55,46.35,9,6,"4",4.83,0.05,0.29,28,140,14.1,1.19,3.11,22,8,10,0.17,3
"PYBI_52","2020-2021",4,2,2,32.45,18.55,46.35,9,6,"4",4.83,0.05,0.29,0,140,14.1,1.19,3.11,22,8,10,0.17,3
"PYBI_52","2021-2022",4,3,1,38.8,16.97,104.3,17,13,"6",3.74,0.37,0.39,0,176,10.9,3.1,3.21,24,13,14,0.11,4
"PYBI_52","2022-2023",1,0,1,107.6,0,107.6,16,10,"2",3.2,0.43,0.81,6,170,8.29,2.98,3.34,17,8,8,0.4,5
"PYBI_52","2022-2023",1,0,1,107.6,0,107.6,16,10,"2",3.2,0.43,0.81,0,170,8.29,2.98,3.34,17,8,8,0.4,5
"PYBI_52","2023-2024",0,0,0,0,0,0,7,3,"3",0.9,0.02,0,0,91,5.24,0.91,0.51,9,4,3,NA,NA
"PYBI_52","2024-2025",1,0,1,79,0,79,6,5,"4",1.17,0.34,0.34,0,136,6.49,4,3.93,10,7,6,NA,NA
"PYBI_53-T","2018-2019",0,0,0,0,0,0,0,0,"0",0.15,NA,NA,0,NA,2.12,0,0,4,0,0,NA,NA
"PYBI_53-T","2019-2020",0,0,0,0,0,0,0,0,"0",1.16,0,0,0,41,4.49,0,0,4,1,1,NA,NA
"PYBI_53-T","2020-2021",0,0,0,0,0,0,0,0,"0",0,0,0,0,NA,0,0,0,1,1,1,NA,NA
"PYBI_53-T","2021-2022",0,0,0,0,0,0,0,0,"0",0.22,NA,NA,0,22,2.87,0,0,3,0,0,NA,NA
"PYBI_53-T","2022-2023",0,0,0,0,0,0,0,0,"0",0,NA,NA,0,NA,0,0,0,1,0,0,NA,NA
"PYBI_53-T","2023-2024",0,0,0,0,0,0,0,0,"0",1.87,0,0,0,87,4.42,0,0,5,2,2,NA,NA
"PYBI_53","2018-2019",2,1,1,24.8,17.3,32.3,13,10,"10",4.83,0.76,0.76,0,62,12.7,5.29,5.29,22,13,13,NA,NA
"PYBI_53","2019-2020",2,0,2,42.8,0,42.8,23,13,"7",4.86,0.32,0.32,0,177,16.8,4.54,4.23,33,13,11,0.35,2
"PYBI_53","2020-2021",1,1,0,19.6,19.6,0,13,12,"6",6.58,1.47,0.44,0,164,15.29,3.87,2.52,25,11,9,0.47,3
"PYBI_53","2021-2022",1,0,1,106.7,0,106.7,15,13,"7",7.29,0.09,0.09,0,153,11.71,1.4,1.52,20,11,10,0.18,4
"PYBI_53","2022-2023",1,0,1,16.6,0,16.6,10,8,"1",2.11,0.34,0.27,0,148,11.42,3.74,3.18,16,10,7,0.05,5
"PYBI_53","2023-2024",1,0,1,96.4,0,96.4,13,10,"6",1.11,0.06,0.08,0,126,4.07,0.92,1.14,13,6,8,NA,NA
"PYBI_53","2024-2025",3,0,3,92.06,0,92.06,12,10,"10",2.52,1.44,1.43,0,135,7.16,3.67,3.57,14,10,9,NA,NA
"PYBI_54-T","2018-2019",0,0,0,0,0,0,0,0,"0",1.88,0,0,0,NA,8.77,0,0,11,1,1,NA,NA
"PYBI_54-T","2019-2020",0,0,0,0,0,0,0,0,"0",0,0,NA,0,56,0.5,0,0,2,1,0,NA,NA
"PYBI_54","2018-2019",2,1,1,63.8,14.1,113.5,15,10,"10",7.65,0.15,0.15,0,83,11.17,1.51,1.55,22,13,14,NA,NA
"PYBI_54","2019-2020",0,0,0,0,0,0,4,2,"",0.25,0,0,0,91,2.58,0,0,7,1,1,NA,NA
"PYBI_55-T","2018-2019",0,0,0,0,0,0,0,0,"0",0.36,NA,NA,0,NA,2.08,0,0,5,0,0,NA,NA
"PYBI_55-T","2019-2020",0,0,0,0,0,0,0,0,"0",0.43,0,NA,0,62,3.31,0,0,10,1,0,NA,NA
"PYBI_55-T","2020-2021",0,0,0,0,0,0,0,0,"0",0.26,0,0.01,0,169,2.01,0,0.33,9,1,3,NA,NA
"PYBI_55-T","2021-2022",0,0,0,0,0,0,0,0,"0",0.05,0.05,0.03,0,124,1.26,0.93,0.69,7,6,5,NA,NA
"PYBI_55-T","2022-2023",0,0,0,0,0,0,0,0,"0",0.4,NA,NA,0,NA,2.61,0,0,3,0,0,NA,NA
"PYBI_55-T","2023-2024",0,0,0,0,0,0,0,0,"0",0,NA,NA,0,NA,0.54,0,0,2,0,0,NA,NA
"PYBI_55","2018-2019",2,2,0,19.45,19.45,0,14,13,"9",0.67,0,0,0,84,3.5,0.21,0.22,27,8,9,NA,NA
"PYBI_55","2019-2020",0,0,0,0,0,0,12,4,"",0.58,0.04,0.04,0,113,4.01,1.32,1.27,13,7,6,NA,NA
"PYBI_55","2020-2021",0,0,0,0,0,0,17,4,"2",0.53,0,0.01,0,143,4.35,0.22,0.29,26,4,5,NA,NA
"PYBI_55","2021-2022",1,1,0,38.4,38.4,0,14,3,"1",0.29,0.03,0.03,0,165,2.66,0.54,0.62,17,3,4,NA,NA
"PYBI_55","2022-2023",1,1,0,7.9,7.9,0,6,1,"2",0.81,0,0,0,134,3.32,0.05,0.06,14,3,4,NA,NA
"PYBI_55","2023-2024",1,1,0,28.2,28.2,0,8,5,"",0.03,0,0,0,106,0.86,0.04,0.04,10,5,5,NA,NA
"PYBI_55","2024-2025",1,1,0,71.85,71.85,0,3,2,"2",0.44,0,0,0,133,1.99,0.05,0.05,9,6,5,NA,NA
"PYBI_56-T","2018-2019",0,0,0,0,0,0,0,0,"0",0.54,0,0,0,NA,5.53,0,0,6,1,1,NA,NA
"PYBI_56-T","2019-2020",0,0,0,0,0,0,0,0,"0",2.36,0.19,0.1,0,147,7.86,1.32,1.04,13,5,4,NA,NA
"PYBI_56-T","2020-2021",0,0,0,0,0,0,0,0,"0",1.58,0.08,0,0,144,5.7,1.26,0.16,12,4,3,NA,NA
"PYBI_56-T","2021-2022",0,0,0,0,0,0,0,0,"0",0.03,NA,NA,0,9,1.17,0,0,3,0,0,NA,NA
"PYBI_56-T","2022-2023",0,0,0,0,0,0,0,0,"0",1.1,0,0,0,134,4.18,0,0.36,7,1,2,NA,NA
"PYBI_56-T","2023-2024",0,0,0,0,0,0,0,0,"0",0,0,0,0,122,0.37,0,0,2,1,1,NA,NA
"PYBI_56-T","2024-2025",0,0,0,0,0,0,0,0,"0",0.01,0,0,0,82,0.41,0,0,4,1,1,NA,NA
"PYBI_56","2018-2019",0,0,0,0,0,0,5,0,"0",1.62,0,0,0,42,6.35,0.31,0.31,14,2,2,NA,NA
"PYBI_56","2019-2020",4,3,1,59.97,30.73,147.7,26,15,"5",2.8,0.69,0.18,0,149,11.05,3.36,1.73,21,10,9,NA,NA
"PYBI_56","2020-2021",0,0,0,0,0,0,13,6,"2",1.15,0.02,0.3,0,120,4.67,0.64,1.82,15,5,7,NA,NA
"PYBI_56","2021-2022",3,2,1,62.5,28.25,131,8,5,"1",0.31,0.03,0.03,0,99,3.49,1.22,1.01,10,5,4,NA,NA
"PYBI_56","2022-2023",1,0,1,58.2,0,58.2,13,6,"5",1.69,0,0.12,0,155,7.92,0.64,1.12,16,6,6,NA,NA
"PYBI_56","2023-2024",1,0,1,63.7,0,63.7,8,4,"1",0.66,0.01,0.01,0,99,4.36,0.49,0.49,9,4,4,NA,NA
"PYBI_56","2024-2025",2,1,1,62.25,11.7,112.8,11,4,"3",0.06,0.05,0.05,0,87,1.52,1.41,1.41,10,9,9,NA,NA
"PYBI_57-T","2018-2019",0,0,0,0,0,0,0,0,"0",0.19,0,0,0,7,2.17,0.17,0.17,4,2,2,NA,NA
"PYBI_57-T","2019-2020",0,0,0,0,0,0,0,0,"0",1.38,0,0,0,176,8.22,0.12,0.12,7,2,2,NA,NA
"PYBI_57-T","2020-2021",0,0,0,0,0,0,0,0,"0",1.78,0,0.02,0,149,7.53,0.18,0.61,14,4,5,NA,NA
"PYBI_57-T","2021-2022",0,0,0,0,0,0,0,0,"0",1.12,0.1,0.04,0,91,5.16,1.59,0.7,10,5,4,NA,NA
"PYBI_57-T","2022-2023",0,0,0,0,0,0,0,0,"0",1.09,0,0.01,0,108,4.42,0.42,0.72,6,2,3,NA,NA
"PYBI_57-T","2023-2024",0,0,0,0,0,0,0,0,"0",0.16,NA,0,0,133,2.34,0,0,3,0,1,NA,NA
"PYBI_57","2018-2019",0,0,0,0,0,0,4,1,"1",1.06,0,0.01,0,30,3.75,0.5,0.97,19,2,3,NA,NA
"PYBI_57","2019-2020",1,0,1,42,0,42,22,13,"3",5.09,1.35,0.8,0,144,17.56,6.64,3.11,30,12,11,NA,NA
"PYBI_57","2020-2021",0,0,0,0,0,0,19,7,"4",2.28,0.02,0.02,0,114,5.88,1.22,0.61,18,5,6,NA,NA
"PYBI_57","2021-2022",3,2,1,70.33,40.1,130.8,12,4,"3",2.84,0.12,0.27,0,163,9.69,1.65,2.11,15,5,6,NA,NA
"PYBI_57","2022-2023",0,0,0,0,0,0,11,8,"5",1.5,0.22,0.15,0,155,7.75,1.44,1.15,16,6,6,NA,NA
"PYBI_57","2023-2024",0,0,0,0,0,0,6,5,"3",0.89,0.02,0.07,0,93,3.78,0.43,1.61,9,4,5,NA,NA
"PYBI_57","2024-2025",1,0,1,41.62,0,41.62,3,3,"3",0.2,0.01,0,0,133,1.9,0.59,0.45,8,5,4,NA,NA
"PYBI_58-T","2018-2019",0,0,0,0,0,0,0,0,"0",0.03,NA,NA,0,NA,0.61,0,0,4,0,0,NA,NA
"PYBI_58-T","2019-2020",0,0,0,0,0,0,0,0,"0",0.59,0,0,0,NA,4.54,0,0,8,1,1,NA,NA
"PYBI_58-T","2020-2021",0,0,0,0,0,0,0,0,"0",0.35,0.13,0.13,0,150,3.83,2.45,2.45,5,3,3,NA,NA
"PYBI_58","2018-2019",0,0,0,0,0,0,2,1,"0",0.18,NA,0,0,NA,1.99,0,0,12,0,1,NA,NA
"PYBI_58","2019-2020",4,2,2,62.73,21.9,103.55,23,19,"13",1.62,0.23,0.1,0,153,9.68,3.87,3.34,30,15,13,NA,NA
"PYBI_58","2020-2021",2,1,1,50.8,20.8,80.8,11,5,"3",0.84,0.28,0.28,0,128,5.72,2.37,2.37,10,6,6,NA,NA
"PYBI_59-T","2018-2019",0,0,0,0,0,0,0,0,"0",0.52,NA,NA,0,NA,2.67,0,0,5,0,0,NA,NA
"PYBI_59-T","2019-2020",0,0,0,0,0,0,0,0,"0",0.55,0.03,0,0,146,3.76,0.56,0,7,3,1,NA,NA
"PYBI_59-T","2020-2021",0,0,0,0,0,0,0,0,"0",0,NA,NA,0,NA,0,0,0,1,0,0,NA,NA
"PYBI_59-T","2021-2022",0,0,0,0,0,0,0,0,"0",0,0,0,0,73,0.59,0,0,2,1,1,NA,NA
"PYBI_59","2018-2019",0,0,0,0,0,0,2,0,"0",0.6,NA,0,0,NA,4.68,0,0,13,0,1,NA,NA
"PYBI_59","2019-2020",0,0,0,0,0,0,21,13,"7",2.1,0.1,0.1,0,136,9.09,1.84,1.22,25,11,8,NA,NA
"PYBI_59","2020-2021",3,2,1,51.37,19.15,115.8,11,9,"2",0.8,0.47,0.47,0,140,5.1,4.03,4.03,11,9,9,0.13,3
"PYBI_59","2021-2022",0,0,0,0,0,0,4,2,"",0.68,0.68,0.68,0,46,1.12,3.95,3.95,7,7,7,NA,NA
"PYBI_59","2021-2022",0,0,0,0,0,0,4,2,"",0.68,0.68,0.68,9,46,1.12,3.95,3.95,7,7,7,NA,NA
"PYBI_60-T","2019-2020",0,0,0,0,0,0,0,0,"0",0.47,NA,NA,0,NA,1.83,0,0,4,0,0,NA,NA
"PYBI_60-T","2020-2021",0,0,0,0,0,0,0,0,"0",0.23,NA,NA,0,NA,2.44,0,0,7,0,0,NA,NA
"PYBI_60-T","2021-2022",0,0,0,0,0,0,0,0,"0",0,0,0,0,47,0.3,0,0,2,1,1,NA,NA
"PYBI_60","2019-2020",0,0,0,0,0,0,15,14,"4",0.51,0,0.02,0,136,3.79,0.67,0.77,23,6,6,NA,NA
"PYBI_60","2020-2021",0,0,0,0,0,0,10,8,"1",0.06,0,0,0,115,1.89,0.33,0.43,15,6,6,NA,NA
"PYBI_60","2021-2022",0,0,0,0,0,0,10,8,"1",0.16,0.07,0.02,0,88,2.09,1.2,0.55,10,5,4,NA,NA
"PYBI_61-T","2019-2020",0,0,0,0,0,0,0,0,"0",0,NA,NA,0,NA,0,0,0,1,0,0,NA,NA
"PYBI_61-T","2020-2021",0,0,0,0,0,0,0,0,"0",0.36,0,0,0,117,2.69,0,0,6,1,1,NA,NA
"PYBI_61-T","2021-2022",0,0,0,0,0,0,0,0,"0",0.02,0,0,0,150,0.42,0,0,3,1,1,NA,NA
"PYBI_61-T","2022-2023",0,0,0,0,0,0,0,0,"0",0,NA,NA,0,NA,0.31,0,0,4,0,0,NA,NA
"PYBI_61-T","2023-2024",0,0,0,0,0,0,0,0,"0",0.19,0.1,0.1,0,108,2.4,1.37,1.37,6,3,3,NA,NA
"PYBI_61","2019-2020",1,0,1,63.1,0,63.1,13,10,"5",0.21,0.02,0.04,0,106,4.13,0.75,0.88,22,8,8,NA,NA
"PYBI_61","2020-2021",0,0,0,0,0,0,9,4,"1",0.73,0.16,0.16,0,155,5.56,1.4,1.4,12,4,4,NA,NA
"PYBI_61","2021-2022",0,0,0,0,0,0,8,4,"2",0.58,0,0,12,149,4.43,0.13,0.13,11,2,2,NA,NA
"PYBI_61","2021-2022",0,0,0,0,0,0,8,4,"2",0.58,0,0,0,149,4.43,0.13,0.13,11,2,2,NA,NA
"PYBI_61","2022-2023",1,1,0,9.9,9.9,0,8,2,"2",1.47,0.67,0.31,0,137,7.14,3.78,2.4,12,7,7,NA,NA
"PYBI_61","2023-2024",0,0,0,0,0,0,5,2,"2",0.6,0.32,0.43,0,120,6.58,2.88,4.1,10,5,7,NA,NA
"PYBI_62","2019-2020",0,0,0,0,0,0,0,0,"0",0,0,0,0,91,0.49,0.26,0.26,4,3,3,NA,NA
"PYBI_63-T","2019-2020",0,0,0,0,0,0,0,0,"0",0.08,0,0,0,3,1.36,0.16,0,4,2,1,NA,NA
"PYBI_63-T","2020-2021",0,0,0,0,0,0,0,0,"0",0.53,0.01,0,0,142,2.34,0.47,0.28,6,3,2,NA,NA
"PYBI_63-T","2021-2022",0,0,0,0,0,0,0,0,"0",0.15,NA,NA,0,135,1.21,0,0,4,0,0,NA,NA
"PYBI_63-T","2022-2023",0,0,0,0,0,0,0,0,"0",0.29,NA,NA,0,NA,3.35,0,0,4,0,0,NA,NA
"PYBI_63-T","2023-2024",0,0,0,0,0,0,0,0,"0",0.69,0,0,0,98,2.4,0,0,3,1,1,NA,NA
"PYBI_63","2019-2020",1,0,1,28.6,0,28.6,15,12,"6",0.54,0.47,0.29,0,105,7.53,3.15,2.29,22,11,11,NA,NA
"PYBI_63","2020-2021",1,0,1,52.1,0,52.1,18,11,"2",1.03,0.01,0.07,0,147,8.33,0.63,0.85,23,7,8,0.48,2
"PYBI_63","2021-2022",0,0,0,0,0,0,11,7,"3",0.27,0.01,0.01,0,126,3.22,0.53,0.53,15,7,7,0.23,3
"PYBI_63","2021-2022",0,0,0,0,0,0,11,7,"3",0.27,0.01,0.01,8,126,3.22,0.53,0.53,15,7,7,0.23,3
"PYBI_63","2022-2023",0,0,0,0,0,0,9,7,"4",1.14,0.03,0.03,0,137,5.04,0.66,0.65,16,8,7,0.22,4
"PYBI_63","2023-2024",0,0,0,0,0,0,11,7,"1",0.98,0.04,0.04,0,114,4.67,1.07,1.07,12,6,6,NA,NA
"PYBI_63","2023-2024",0,0,0,0,0,0,11,7,"1",0.98,0.04,0.04,6,114,4.67,1.07,1.07,12,6,6,NA,NA
"PYBI_63","2024-2025",0,0,0,0,0,0,8,7,"5",0.24,0.07,0.07,0,134,1.99,1.37,1.03,12,9,8,NA,NA
"PYBI_64-T","2019-2020",0,0,0,0,0,0,0,0,"0",0.56,NA,NA,0,NA,2.88,0,0,3,0,0,NA,NA
"PYBI_64-T","2020-2021",0,0,0,0,0,0,0,0,"0",0.9,NA,NA,0,NA,4.01,0,0,7,0,0,NA,NA
"PYBI_64-T","2021-2022",0,0,0,0,0,0,0,0,"0",0.74,NA,NA,0,37,3.57,0,0,6,0,0,NA,NA
"PYBI_64-T","2022-2023",0,0,0,0,0,0,0,0,"0",0,NA,NA,0,NA,0,0,0,1,0,0,NA,NA
"PYBI_64","2019-2020",2,2,0,23.05,23.05,0,18,17,"",1.09,0.14,0.04,0,113,5.55,1.99,1.32,31,14,13,NA,NA
"PYBI_64","2020-2021",0,0,0,0,0,0,18,16,"4",1.23,0.02,0.01,0,163,6.21,0.45,0.35,24,10,8,0.01,2
"PYBI_64","2021-2022",3,3,0,14.57,14.57,0,18,14,"3",1.32,0.02,0.03,2,146,4.77,0.62,0.65,27,11,11,0.84,3
"PYBI_64","2021-2022",3,3,0,14.57,14.57,0,18,14,"3",1.32,0.02,0.03,0,146,4.77,0.62,0.65,27,11,11,0.84,3
"PYBI_64","2022-2023",0,0,0,0,0,0,3,2,"",0,0,0,0,149,0.11,0,0,3,1,1,NA,NA
"PYBI_65-T","2019-2020",0,0,0,0,0,0,0,0,"0",0.45,0,0,0,31,2.8,0.47,0.47,4,2,2,NA,NA
"PYBI_65-T","2020-2021",0,0,0,0,0,0,0,0,"0",0,0,0,0,29,0.42,0.42,0.42,2,2,2,NA,NA
"PYBI_65-T","2021-2022",0,0,0,0,0,0,0,0,"0",0.01,0,NA,0,48,1.65,0,0,3,1,0,NA,NA
"PYBI_65","2019-2020",1,0,1,54.3,0,54.3,9,5,"4",0.82,0.08,0.08,0,74,6.95,1.59,1.52,18,10,9,NA,NA
"PYBI_65","2020-2021",0,0,0,0,0,0,8,5,"2",0.9,0.05,0.06,0,153,5.06,0.8,0.87,16,4,5,NA,NA
"PYBI_65","2021-2022",0,0,0,0,0,0,8,2,"2",0.23,0.18,0.2,0,117,2.24,1.25,1.38,6,4,5,NA,NA
"PYBI_66-T","2019-2020",0,0,0,0,0,0,0,0,"0",0.22,NA,NA,0,NA,3.22,0,0,4,0,0,NA,NA
"PYBI_66-T","2020-2021",0,0,0,0,0,0,0,0,"0",0.7,0,NA,0,NA,5.23,0,0,4,1,0,NA,NA
"PYBI_66","2019-2020",0,0,0,0,0,0,11,11,"4",3.49,0.01,0.03,0,83,8.19,0.53,0.89,20,11,13,NA,NA
"PYBI_66","2020-2021",1,0,1,59.9,0,59.9,13,13,"2",2.33,0.05,0.05,0,168,9.09,2.19,1.93,21,9,8,0.28,2
"PYBI_66","2021-2022",0,0,0,0,0,0,0,0,"",0,NA,NA,0,NA,0,0,0,1,0,0,NA,NA
"PYBI_68-T","2019-2020",0,0,0,0,0,0,0,0,"0",0.14,0,0,0,NA,1.37,0,0,3,1,1,NA,NA
"PYBI_68-T","2020-2021",0,0,0,0,0,0,0,0,"0",0.19,NA,NA,0,45,4.37,0,0,5,0,0,NA,NA
"PYBI_68-T","2021-2022",0,0,0,0,0,0,0,0,"0",0,0,0,0,78,0.41,0,0,2,1,1,NA,NA
"PYBI_68","2019-2020",2,2,0,27.5,27.5,0,10,8,"",1.18,0.12,0.15,0,89,6.55,1.74,1.88,29,9,11,NA,NA
"PYBI_68","2020-2021",0,0,0,0,0,0,12,9,"2",2.51,0.36,0.66,0,159,11.97,3.13,3.16,21,5,6,NA,NA
"PYBI_68","2021-2022",1,1,0,25.2,25.2,0,10,7,"5",0.77,0.04,0.03,0,154,3.41,0.99,1.09,17,8,7,NA,NA
"PYBI_69-T","2019-2020",0,0,0,0,0,0,0,0,"0",0.27,NA,NA,0,NA,2.18,0,0,4,0,0,NA,NA
"PYBI_69-T","2020-2021",0,0,0,0,0,0,0,0,"0",0,NA,NA,0,27,1.61,0,0,2,0,0,NA,NA
"PYBI_69-T","2021-2022",0,0,0,0,0,0,0,0,"0",0.04,0,0,0,64,0.99,0,0,3,1,1,NA,NA
"PYBI_69-T","2022-2023",0,0,0,0,0,0,0,0,"0",0,NA,NA,0,NA,0,0,0,1,0,0,NA,NA
"PYBI_69-T","2023-2024",0,0,0,0,0,0,0,0,"0",0,0,0,0,62,2.04,0,0,3,1,1,NA,NA
"PYBI_69-T","2024-2025",0,0,0,0,0,0,0,0,"0",0,0,0,0,NA,0,0,0,1,1,1,NA,NA
"PYBI_69","2019-2020",1,0,1,114.1,0,114.1,7,7,"3",0.47,0.01,0.01,0,44,3.25,0.65,0.65,10,7,7,NA,NA
"PYBI_69","2020-2021",2,1,1,70.3,19.8,120.8,15,12,"3",2.75,0.64,0.52,0,150,12.09,3.28,3.41,20,10,9,NA,NA
"PYBI_69","2021-2022",1,1,0,27.2,27.2,0,13,9,"5",0.57,0.23,0.23,0,154,6.17,3.03,2.86,17,9,9,0.2,3
"PYBI_69","2022-2023",3,0,3,93.27,0,93.27,14,12,"6",3.27,1.06,1.06,0,151,9.75,4.57,3.66,20,13,11,0.18,4
"PYBI_69","2023-2024",0,0,0,0,0,0,10,7,"4",1.86,1,0.92,0,134,7.78,3.18,3.81,14,7,10,0.74,5
"PYBI_69","2024-2025",3,1,2,109.17,29.7,148.9,14,8,"8",2.22,0.41,0.41,0,142,10.71,6.12,6.75,16,10,10,0,6
"PYBI_70-T","2019-2020",0,0,0,0,0,0,0,0,"0",0,NA,NA,0,NA,0.07,0,0,2,0,0,NA,NA
"PYBI_70","2019-2020",1,0,1,102.6,0,102.6,10,10,"3",1.28,0.03,0.19,0,57,6.01,1.68,3.33,17,9,11,NA,NA
"PYBI_70","2020-2021",0,0,0,0,0,0,3,1,"",0.02,NA,NA,0,25,1.12,0,0,4,0,0,NA,NA
"PYBI_71-T","2019-2020",0,0,0,0,0,0,0,0,"0",0,0,0,0,NA,3.27,0,0,2,1,1,NA,NA
"PYBI_71-T","2020-2021",0,0,0,0,0,0,0,0,"0",0,0,0,0,NA,0,0,0,1,1,1,NA,NA
"PYBI_71-T","2021-2022",0,0,0,0,0,0,0,0,"0",0,0,0,0,NA,0,0,0,1,1,1,NA,NA
"PYBI_71","2019-2020",2,0,2,33.4,0,33.4,11,9,"6",9.56,0.17,0.24,0,56,10.65,2.93,3.18,19,9,11,NA,NA
"PYBI_71","2020-2021",4,2,2,68.83,44.85,92.8,9,9,"5",5.03,0.07,0.01,0,169,10.4,1.36,0.7,19,7,7,NA,NA
"PYBI_71","2021-2022",5,2,3,79.58,19.9,119.37,12,11,"9",2.11,0.35,0.15,0,162,8.48,3.57,2.54,23,9,9,0,3
"PYBI_71","2022-2023",0,0,0,0,0,0,4,4,"2",0.59,0,NA,0,69,3.25,0,0,5,1,0,NA,NA
"PYBI_72-T","2019-2020",0,0,0,0,0,0,0,0,"0",0.03,NA,NA,0,NA,0.64,0,0,5,0,0,NA,NA
"PYBI_72-T","2020-2021",0,0,0,0,0,0,0,0,"0",1.94,0.43,0.46,0,155,5.79,2.04,2.24,13,4,5,NA,NA
"PYBI_72-T","2021-2022",0,0,0,0,0,0,0,0,"0",0.03,0.01,0.01,0,113,0.87,0.39,0.39,5,3,3,NA,NA
"PYBI_72","2019-2020",0,0,0,0,0,0,2,1,"",0.13,0,0.03,0,13,2.31,1.31,1.38,8,2,3,NA,NA
"PYBI_72","2020-2021",0,0,0,0,0,0,12,5,"1",2.24,0,0,0,163,7.76,0.05,1.4,12,3,3,NA,NA
"PYBI_72","2021-2022",0,0,0,0,0,0,11,4,"2",0.4,0.4,0.11,0,104,2.85,2.14,1.06,8,6,5,NA,NA
"PYBI_73-T","2019-2020",0,0,0,0,0,0,0,0,"0",0.14,NA,NA,0,NA,1.66,0,0,9,0,0,NA,NA
"PYBI_73-T","2020-2021",0,0,0,0,0,0,0,0,"0",0.34,0,0,0,73,3.32,0,0,8,1,1,NA,NA
"PYBI_73-T","2021-2022",0,0,0,0,0,0,0,0,"0",0.7,NA,NA,0,139,2.6,0,0,6,0,0,NA,NA
"PYBI_73-T","2022-2023",0,0,0,0,0,0,0,0,"0",0,0,0,0,16,0.05,0.05,0,2,2,1,NA,NA
"PYBI_73","2019-2020",0,0,0,0,0,0,1,1,"",1.6,0.15,0.15,0,11,5.69,3.13,3.13,7,3,3,NA,NA
"PYBI_73","2020-2021",0,0,0,0,0,0,17,15,"4",0.82,0.17,0.06,0,134,5.31,2.49,1.35,19,11,11,NA,NA
"PYBI_73","2021-2022",0,0,0,0,0,0,17,15,"4",0.66,0.4,0.32,0,155,8.18,3.53,3.15,21,10,10,0.7,3
"PYBI_73","2022-2023",0,0,0,0,0,0,7,4,"1",1.03,0,0,0,51,3.17,0.14,0,7,3,1,NA,NA
"PYBI_74-T","2019-2020",0,0,0,0,0,0,0,0,"0",0.09,0,0,0,NA,2.16,0,0,8,1,1,NA,NA
"PYBI_74-T","2020-2021",0,0,0,0,0,0,0,0,"0",0.66,0,0,0,95,6.71,0.09,0.09,8,2,2,NA,NA
"PYBI_74-T","2021-2022",0,0,0,0,0,0,0,0,"0",0.33,0,NA,0,155,6.48,0.1,0,5,2,0,NA,NA
"PYBI_74-T","2022-2023",0,0,0,0,0,0,0,0,"0",0.17,0,NA,0,129,1.41,0,0,3,1,0,NA,NA
"PYBI_74-T","2023-2024",0,0,0,0,0,0,0,0,"0",0,NA,NA,0,NA,0,0,0,1,0,0,NA,NA
"PYBI_74","2019-2020",0,0,0,0,0,0,4,3,"",0.71,0,0.08,0,23,2.85,1.09,1.25,8,2,4,NA,NA
"PYBI_74","2020-2021",4,2,2,52.75,25.25,80.25,18,10,"4",1.89,0.4,0.51,0,175,11.8,4.04,4.42,23,11,10,NA,NA
"PYBI_74","2021-2022",1,0,1,80.6,0,80.6,16,10,"3",2.66,0.16,0.06,0,128,10.66,1.71,1.18,22,10,8,0.11,3
"PYBI_74","2022-2023",1,0,1,130.2,0,130.2,9,7,"4",5.84,1.51,1.02,0,121,14.28,4.93,3.23,16,8,6,0.13,4
"PYBI_74","2023-2024",1,0,1,126.9,0,126.9,8,6,"3",1.37,0.37,0.45,0,97,5.25,2.73,2.97,13,8,9,NA,NA
"PYBI_74","2024-2025",0,0,0,0,0,0,0,0,"",0,NA,NA,0,NA,0,0,0,1,0,0,NA,NA
"PYBI_75-T","2019-2020",0,0,0,0,0,0,0,0,"0",0.04,NA,NA,0,NA,1.07,0,0,4,0,0,NA,NA
"PYBI_75-T","2020-2021",0,0,0,0,0,0,0,0,"0",0.11,NA,NA,0,NA,1.5,0,0,3,0,0,NA,NA
"PYBI_75-T","2021-2022",0,0,0,0,0,0,0,0,"0",0,0,NA,0,57,0.39,0,0,2,1,0,NA,NA
"PYBI_75","2019-2020",0,0,0,0,0,0,2,2,"",0.31,0,0,0,5,3.06,0,0.04,19,1,2,NA,NA
"PYBI_75","2020-2021",0,0,0,0,0,0,4,4,"2",0.26,0.01,0.01,0,159,3.38,0.34,0.44,14,3,4,NA,NA
"PYBI_75","2021-2022",0,0,0,0,0,0,3,1,"1",0.07,0,NA,0,36,1.25,0,0,6,1,0,NA,NA
"PYBI_76-T","2019-2020",0,0,0,0,0,0,0,0,"0",0.19,NA,NA,0,NA,1.82,0,0,6,0,0,NA,NA
"PYBI_76-T","2020-2021",0,0,0,0,0,0,0,0,"0",0.74,0.09,0.09,0,136,4.57,0.88,0.88,9,3,3,NA,NA
"PYBI_76-T","2021-2022",0,0,0,0,0,0,0,0,"0",0.42,0,0,0,114,2,0,0,4,1,1,NA,NA
"PYBI_76-T","2022-2023",0,0,0,0,0,0,0,0,"0",0.2,0.13,0.13,0,18,2.1,1.43,1.43,5,3,3,NA,NA
"PYBI_76-T","2023-2024",0,0,0,0,0,0,0,0,"0",0.38,0.03,0.03,0,111,3.48,0.7,0.7,6,4,4,NA,NA
"PYBI_76-T","2024-2025",0,0,0,0,0,0,0,0,"0",0,NA,NA,0,NA,0,0,0,1,0,0,NA,NA
"PYBI_76","2019-2020",0,0,0,0,0,0,2,1,"",0.55,0,0.01,0,13,2.75,0,0.47,6,1,3,NA,NA
"PYBI_76","2020-2021",2,1,1,44.9,55.1,34.7,14,7,"6",1.15,0.22,0.12,0,128,5.56,2.36,1.4,16,8,6,NA,NA
"PYBI_76","2021-2022",1,0,1,86.8,0,86.8,14,8,"3",0.59,0.23,0.23,0,135,5.39,2.08,2.16,16,8,8,NA,NA
"PYBI_76","2021-2022",1,0,1,86.8,0,86.8,14,8,"3",0.59,0.23,0.23,19,135,5.39,2.08,2.16,16,8,8,NA,NA
"PYBI_76","2022-2023",0,0,0,0,0,0,8,5,"4",0.79,0.52,0.31,0,154,5.8,2.95,2.39,15,7,7,0.5,4
"PYBI_76","2023-2024",0,0,0,0,0,0,11,2,"2",1.8,0.08,0.52,0,140,6.07,1.15,2.67,9,4,4,NA,NA
"PYBI_76","2024-2025",2,1,1,19.75,12.5,27,8,5,"5",0.21,0.1,0.13,0,128,2.87,1.17,1.48,10,7,6,NA,NA
"PYBI_77-T","2019-2020",0,0,0,0,0,0,0,0,"0",0,NA,NA,0,NA,0.02,0,0,2,0,0,NA,NA
"PYBI_77-T","2020-2021",0,0,0,0,0,0,0,0,"0",2.54,0,0.28,0,118,5.74,1.95,2.31,8,2,3,NA,NA
"PYBI_77-T","2021-2022",0,0,0,0,0,0,0,0,"0",0,NA,NA,0,NA,0,0,0,1,0,0,NA,NA
"PYBI_77","2019-2020",0,0,0,0,0,0,0,0,"0",0.04,NA,NA,0,NA,0.74,0,0,5,0,0,NA,NA
"PYBI_77","2020-2021",1,0,1,23.3,0,23.3,18,15,"4",3.87,0.82,0.82,0,176,10.88,5.04,5.49,20,11,12,NA,NA
"PYBI_77","2021-2022",0,0,0,0,0,0,2,1,"",0,NA,NA,0,21,0.06,0,0,2,0,0,NA,NA
"PYBI_78-T","2019-2020",0,0,0,0,0,0,0,0,"0",0,NA,NA,0,NA,0.2,0,0,2,0,0,NA,NA
"PYBI_78-T","2020-2021",0,0,0,0,0,0,0,0,"0",0.89,0.05,0.05,0,125,6.24,1.56,1.56,10,3,3,NA,NA
"PYBI_78-T","2021-2022",0,0,0,0,0,0,0,0,"0",2.23,0,0,0,178,8.11,0,0,11,1,1,NA,NA
"PYBI_78-T","2022-2023",0,0,0,0,0,0,0,0,"0",0.15,NA,NA,0,NA,2.99,0,0,6,0,0,NA,NA
"PYBI_78","2019-2020",0,0,0,0,0,0,0,0,"0",0.01,NA,NA,0,NA,0.48,0,0,3,0,0,NA,NA
"PYBI_78","2020-2021",3,0,3,31.37,0,31.37,19,13,"8",0.75,0.09,0.09,0,130,5.73,1.96,1.96,16,11,11,NA,NA
"PYBI_78","2021-2022",0,0,0,0,0,0,13,9,"2",0.86,0.44,0.44,0,118,4.62,3.19,2.27,11,9,7,0.25,3
"PYBI_78","2022-2023",1,0,1,115.2,0,115.2,16,13,"2",1.86,1.69,0.77,9,170,8.14,5.78,3.84,17,10,7,0.21,4
"PYBI_78","2022-2023",1,0,1,115.2,0,115.2,16,13,"2",1.86,1.69,0.77,0,170,8.14,5.78,3.84,17,10,7,0.21,4
"PYBI_78","2023-2024",0,0,0,0,0,0,1,0,"",0,NA,NA,0,8,0.16,0,0,2,0,0,NA,NA
"PYBI_79-T","2020-2021",0,0,0,0,0,0,0,0,"0",1.66,0,0,0,100,4.68,0.51,0.51,6,2,2,NA,NA
"PYBI_79-T","2021-2022",0,0,0,0,0,0,0,0,"0",2.56,0,NA,0,48,8.45,0,0,10,1,0,NA,NA
"PYBI_79-T","2022-2023",0,0,0,0,0,0,0,0,"0",0.93,0,0,0,135,4.76,0,0,7,1,1,NA,NA
"PYBI_79-T","2024-2025",0,0,0,0,0,0,0,0,"0",0,NA,NA,0,NA,0,0,0,1,0,0,NA,NA
"PYBI_79","2020-2021",0,0,0,0,0,0,11,8,"4",3.27,1.25,1.34,0,97,10.38,5.6,5.85,15,9,9,NA,NA
"PYBI_79","2021-2022",1,0,1,93.1,0,93.1,11,6,"2",4.98,0.1,0.02,0,142,11.57,1.94,1.48,14,6,5,NA,NA
"PYBI_79","2022-2023",1,0,1,74.9,0,74.9,13,6,"5",3.51,0.68,0.71,0,142,9.03,3.3,3.38,16,8,7,0.37,3
"PYBI_79","2022-2023",1,0,1,74.9,0,74.9,13,6,"5",3.51,0.68,0.71,8,142,9.03,3.3,3.38,16,8,7,0.37,3
"PYBI_79","2023-2024",2,1,1,50,16.1,83.9,8,4,"3",0.17,0.01,0.01,0,144,1.91,0.6,0.45,8,4,3,NA,NA
"PYBI_80-T","2021-2022",0,0,0,0,0,0,0,0,"0",0.44,0,NA,0,49,3.94,0,0,7,1,0,NA,NA
"PYBI_80-T","2022-2023",0,0,0,0,0,0,0,0,"0",0,NA,NA,0,NA,0,0,0,1,0,0,NA,NA
"PYBI_80","2020-2021",0,0,0,0,0,0,2,2,"1",0.02,0,0,0,54,0.86,0.15,0.24,5,2,3,NA,NA
"PYBI_80","2021-2022",0,0,0,0,0,0,17,13,"4",3.98,0.03,0.02,0,175,5.79,1.05,0.91,21,9,8,NA,NA
"PYBI_80","2021-2022",0,0,0,0,0,0,17,13,"4",3.98,0.03,0.02,1,175,5.79,1.05,0.91,21,9,8,NA,NA
"PYBI_80","2022-2023",1,0,1,106.5,0,106.5,5,3,"1",0.13,0.03,0,8,89,1.13,0.64,0.21,7,4,2,NA,NA
"PYBI_80","2022-2023",1,0,1,106.5,0,106.5,5,3,"1",0.13,0.03,0,0,89,1.13,0.64,0.21,7,4,2,NA,NA
"PYBI_81-T","2021-2022",0,0,0,0,0,0,0,0,"0",0.5,0,0,0,176,3.17,0,0,14,1,1,NA,NA
"PYBI_81-T","2022-2023",0,0,0,0,0,0,0,0,"0",0.25,0,0,0,73,1.54,0,0,3,1,1,NA,NA
"PYBI_81","2020-2021",0,0,0,0,0,0,2,2,"1",0.05,0,0,0,54,1.27,0.03,0.2,5,2,3,NA,NA
"PYBI_81","2021-2022",0,0,0,0,0,0,9,3,"",3.41,0.03,0.03,0,131,2.87,0.7,0.66,11,4,3,NA,NA
"PYBI_81","2022-2023",3,2,1,23.4,20.2,29.8,11,6,"5",2.22,0.39,0.25,0,146,7.73,3.08,2.56,16,10,8,NA,NA
"PYBI_81","2023-2024",0,0,0,0,0,0,2,1,"",0,NA,NA,0,3,0.19,0,0,2,0,0,NA,NA
"PYBI_82-T","2021-2022",0,0,0,0,0,0,0,0,"0",0,NA,NA,0,NA,0.17,0,0,2,0,0,NA,NA
"PYBI_82-T","2023-2024",0,0,0,0,0,0,0,0,"0",0.01,0,0,0,66,1.23,0,0.48,3,1,2,NA,NA
"PYBI_82","2020-2021",0,0,0,0,0,0,7,6,"2",4.6,0.04,0.04,0,76,9.58,2.4,2.4,16,8,8,NA,NA
"PYBI_82","2021-2022",7,2,5,78.47,38,94.66,13,11,"7",7.44,0.12,0.13,0,162,16.54,1.17,1.77,22,8,9,NA,NA
"PYBI_82","2022-2023",1,0,1,42.9,0,42.9,15,13,"10",8.69,0.09,0.09,0,166,15.64,2.44,2.46,24,10,10,0.32,3
"PYBI_82","2023-2024",1,0,1,123.4,0,123.4,9,6,"5",4.3,0.03,0.02,0,112,9.17,1.34,0.97,14,9,7,0.07,4
"PYBI_82","2024-2025",7,4,3,48.71,32.08,70.9,9,9,"9",4.89,1.61,1.81,0,141,7.54,4.97,5.28,14,10,10,0.21,5
"PYBI_83-T","2020-2021",0,0,0,0,0,0,0,0,"0",0,NA,NA,0,NA,0,0,0,1,0,0,NA,NA
"PYBI_83-T","2022-2023",0,0,0,0,0,0,0,0,"0",2.07,NA,NA,0,34,6.29,0,0,3,0,0,NA,NA
"PYBI_83-T","2023-2024",0,0,0,0,0,0,0,0,"0",0,0,0,0,NA,0,0,0,1,1,1,NA,NA
"PYBI_83-T","2024-2025",0,0,0,0,0,0,0,0,"0",0,0,0,0,16,0.04,0.04,0.04,2,2,2,NA,NA
"PYBI_83","2020-2021",2,0,2,101.2,0,101.2,7,8,"3",5.28,0.02,0.02,0,77,12.03,4.36,4.36,16,8,8,NA,NA
"PYBI_83","2021-2022",4,2,2,39.25,35.4,43.1,16,15,"7",4.93,0.16,0.06,0,175,12.68,2.81,2.62,24,10,11,NA,NA
"PYBI_83","2022-2023",0,0,0,0,0,0,12,9,"4",6.33,1.68,0.75,0,166,13.44,4.57,3.31,22,13,12,0.79,3
"PYBI_83","2023-2024",2,1,1,41.55,28.2,54.9,7,4,"2",2.4,0.59,0.63,0,121,7.73,2.92,3.09,13,7,8,NA,NA
"PYBI_83","2024-2025",2,1,1,40.55,27,54.1,10,5,"5",2.53,0.33,0.1,0,141,6.98,1.98,1.91,12,8,7,NA,NA
"PYBI_84-T","2021-2022",0,0,0,0,0,0,0,0,"0",0.02,0.02,0,0,36,1.09,1.09,0.12,4,4,3,NA,NA
"PYBI_84-T","2022-2023",0,0,0,0,0,0,0,0,"0",0,NA,NA,0,NA,0.57,0,0,2,0,0,NA,NA
"PYBI_84","2020-2021",0,0,0,0,0,0,3,3,"1",3.21,0,0,0,48,9.21,0.86,0.88,12,2,3,NA,NA
"PYBI_84","2021-2022",6,2,4,55.6,26,70.4,11,7,"5",2.38,0.07,0.14,0,149,12.93,2.25,1.92,18,8,8,NA,NA
"PYBI_84","2022-2023",1,0,1,40.2,0,40.2,11,10,"5",5.7,1.24,0.61,0,166,14.63,4.3,3.34,16,7,7,NA,NA
"PYBI_84","2023-2024",3,2,1,62.47,35.6,116.2,9,7,"5",2.71,0.29,0.13,0,120,7.77,1.95,1.26,17,9,8,NA,NA
"PYBI_84","2024-2025",5,2,3,80.84,27.45,116.43,12,12,"9",0.78,0.12,0.11,0,141,5.37,2.48,2.45,14,9,9,NA,NA
"PYBI_85-T","2021-2022",0,0,0,0,0,0,0,0,"0",0.05,0,0,0,49,1.58,0.87,0,3,2,1,NA,NA
"PYBI_85-T","2022-2023",0,0,0,0,0,0,0,0,"0",0.04,0,0,0,NA,1.39,0,0,3,1,1,NA,NA
"PYBI_85-T","2023-2024",0,0,0,0,0,0,0,0,"0",0,NA,NA,0,NA,0,0,0,1,0,0,NA,NA
"PYBI_85","2020-2021",0,0,0,0,0,0,3,4,"2",0.6,0,0,0,49,4.1,0.33,0.54,12,2,3,NA,NA
"PYBI_85","2021-2022",2,2,0,42.8,42.8,0,10,7,"4",1.75,0.23,0.14,0,141,9.21,2.62,2.16,18,9,8,NA,NA
"PYBI_85","2022-2023",1,0,1,59.4,0,59.4,9,6,"4",1.9,0.2,0.04,0,166,13.97,2.52,1.49,20,8,8,NA,NA
"PYBI_85","2023-2024",6,5,1,40.08,30.7,87,5,3,"3",1.52,1.41,0.68,0,120,7.48,4.54,3.26,14,9,8,NA,NA
"PYBI_85","2024-2025",3,1,2,44.43,27.8,52.75,9,6,"5",0.92,0.43,0.43,0,143,5.33,2.95,3.37,13,8,10,NA,NA
"PYBI_86-T","2021-2022",0,0,0,0,0,0,0,0,"0",0,0,NA,0,53,5.87,0,0,2,1,0,NA,NA
"PYBI_86","2021-2022",0,0,0,0,0,0,6,3,"",27.92,0.01,0,0,156,14.69,1.32,0.18,11,4,3,NA,NA
"PYBI_86","2022-2023",0,0,0,0,0,0,1,1,"1",0.07,NA,NA,0,40,4.83,0,0,4,0,0,NA,NA
"PYBI_87","2021-2022",0,0,0,0,0,0,4,3,"",0.05,0,0,0,58,1.31,0,0,6,1,1,NA,NA
"PYBI_88-T","2021-2022",0,0,0,0,0,0,0,0,"0",2.17,NA,NA,0,142,5.53,0,0,9,0,0,NA,NA
"PYBI_88-T","2022-2023",0,0,0,0,0,0,0,0,"0",1.3,0,0,0,97,5.01,0.5,0.5,5,2,2,NA,NA
"PYBI_88","2021-2022",0,0,0,0,0,0,10,5,"1",0.33,0.12,0.04,0,114,3.02,2.68,2.23,10,8,6,NA,NA
"PYBI_88","2022-2023",2,1,1,64.55,27.3,101.8,12,7,"2",0.42,0.2,0.2,0,149,3.72,2.17,2.05,10,8,7,NA,NA
"PYBI_89-T","2021-2022",0,0,0,0,0,0,0,0,"0",0,0,0,0,6,0.41,0.14,0.14,6,2,2,NA,NA
"PYBI_89-T","2022-2023",0,0,0,0,0,0,0,0,"0",0.22,0,0,0,76,1.55,0,0,4,1,1,NA,NA
"PYBI_89","2021-2022",0,0,0,0,0,0,8,5,"2",0.1,0.02,0.01,0,90,1.36,0.55,0.31,13,8,7,NA,NA
"PYBI_89","2022-2023",2,0,2,43.5,0,43.5,11,8,"4",0.58,0.06,0.04,0,143,2.96,1.14,0.83,16,8,7,NA,NA
"PYBI_89","2023-2024",1,0,1,50.9,0,50.9,15,13,"9",0.5,0.38,0.37,0,151,5.3,3.83,3.71,21,12,11,NA,NA
"PYBI_89","2023-2024",1,0,1,50.9,0,50.9,15,13,"9",0.5,0.38,0.37,0,151,5.3,3.83,3.71,21,12,11,NA,NA
"PYBI_89","2024-2025",0,0,0,0,0,0,9,6,"6",0.13,0.03,0.03,0,146,2.08,0.99,0.64,12,9,8,NA,NA
"PYBI_90-T","2021-2022",0,0,0,0,0,0,0,0,"0",0,NA,NA,0,NA,0.55,0,0,3,0,0,NA,NA
"PYBI_90","2021-2022",0,0,0,0,0,0,5,4,"",1.36,0.02,0.07,0,69,4.44,0.49,1.34,9,4,5,NA,NA
"PYBI_90","2022-2023",0,0,0,0,0,0,0,0,"",0.02,NA,NA,0,54,0.97,0,0,4,0,0,NA,NA
"PYBI_91-T","2022-2023",0,0,0,0,0,0,0,0,"0",0.04,0,0,0,27,1.6,1.42,0,3,2,1,NA,NA
"PYBI_91-T","2024-2025",0,0,0,0,0,0,0,0,"0",0,0,0,0,NA,0,0,0,1,1,1,NA,NA
"PYBI_91","2021-2022",1,1,0,16.8,16.8,0,7,7,"1",1.31,0.05,0.05,0,54,5.67,1.33,1.66,13,6,8,NA,NA
"PYBI_91","2022-2023",4,0,4,58.27,0,58.27,12,10,"6",1.6,0.86,0.53,0,153,9.13,3.7,3.21,19,10,10,NA,NA
"PYBI_91","2023-2024",6,3,3,51.27,18.2,84.33,7,6,"5",2.67,1.07,0.24,14,107,6.73,4.09,5.17,12,7,7,NA,NA
"PYBI_91","2023-2024",6,3,3,51.27,18.2,84.33,7,6,"5",2.67,1.07,0.24,0,107,6.73,4.09,5.17,12,7,7,NA,NA
"PYBI_91","2024-2025",4,2,2,59.26,36.05,82.46,12,7,"6",0.56,0.05,0.02,13,128,2.73,0.75,0.58,14,8,8,NA,NA
"PYBI_91","2024-2025",4,2,2,59.26,36.05,82.46,12,7,"6",0.56,0.05,0.02,0,128,2.73,0.75,0.58,14,8,8,NA,NA
"PYBI_92-T","2021-2022",0,0,0,0,0,0,0,0,"0",0,NA,NA,0,NA,0,0,0,1,0,0,NA,NA
"PYBI_92-T","2022-2023",0,0,0,0,0,0,0,0,"0",0,NA,NA,0,NA,1.64,0,0,2,0,0,NA,NA
"PYBI_92-T","2023-2024",0,0,0,0,0,0,0,0,"0",0,0,0,0,NA,0,0,0,1,1,1,NA,NA
"PYBI_92-T","2024-2025",0,0,0,0,0,0,0,0,"0",0,NA,NA,0,13,0.73,0,0,2,0,0,NA,NA
"PYBI_92","2021-2022",0,0,0,0,0,0,4,2,"1",1.03,0.07,0.07,0,27,8.74,1.85,1.85,8,4,4,NA,NA
"PYBI_92","2022-2023",3,1,2,37.27,25.5,43.15,12,9,"6",2.4,0.5,0.12,0,152,9.74,3.01,1.92,23,13,13,NA,NA
"PYBI_92","2023-2024",0,0,0,0,0,0,8,7,"7",4.07,0.91,0.55,0,120,8.68,4.24,3.36,14,7,6,NA,NA
"PYBI_92","2024-2025",2,1,1,71.85,35.9,107.8,10,7,"7",2.18,1.45,1.02,0,135,6.22,5.19,4.49,11,7,8,NA,NA
"PYBI_92","2024-2025",2,1,1,71.85,35.9,107.8,10,7,"7",2.18,1.45,1.02,8,135,6.22,5.19,4.49,11,7,8,NA,NA
"PYBI_93-T","2021-2022",0,0,0,0,0,0,0,0,"0",0,0,0,0,NA,0,0,0,1,1,1,NA,NA
"PYBI_93-T","2022-2023",0,0,0,0,0,0,0,0,"0",0.1,0,0,0,98,1.54,0,0,3,1,1,NA,NA
"PYBI_93-T","2023-2024",0,0,0,0,0,0,0,0,"0",0.9,0,0,0,120,3.14,0,0.53,4,1,2,NA,NA
"PYBI_93-T","2024-2025",0,0,0,0,0,0,0,0,"0",0,NA,NA,0,23,0.03,0,0,2,0,0,NA,NA
"PYBI_93","2021-2022",0,0,0,0,0,0,2,1,"",1.68,0,0,0,33,5.59,1.82,1.82,7,2,2,NA,NA
"PYBI_93","2022-2023",1,0,1,104.4,0,104.4,15,10,"3",3.64,1.6,1.6,0,178,15.02,7.08,6.33,21,11,10,NA,NA
"PYBI_93","2023-2024",1,0,1,116.8,0,116.8,11,7,"6",1.41,0.35,0.35,0,120,7.51,4.26,4.25,13,8,7,NA,NA
"PYBI_93","2024-2025",0,0,0,0,0,0,14,7,"4",0.56,0.11,0.06,0,142,5.18,1.74,1.12,14,9,9,NA,NA
"PYBI_94-T","2021-2022",0,0,0,0,0,0,0,0,"0",0,NA,NA,0,NA,0,0,0,1,0,0,NA,NA
"PYBI_94-T","2022-2023",0,0,0,0,0,0,0,0,"0",0.08,0,0,0,58,0.85,0.02,0.02,4,2,2,NA,NA
"PYBI_94-T","2023-2024",0,0,0,0,0,0,0,0,"0",0,0,0,0,NA,0,0,0,1,1,1,NA,NA
"PYBI_94","2021-2022",0,0,0,0,0,0,3,0,"",0.63,0.02,0.02,0,32,4.38,0.94,0.94,7,3,3,NA,NA
"PYBI_94","2022-2023",1,0,1,75.5,0,75.5,5,2,"2",1.29,0,0.04,0,152,7.76,1.01,1.3,11,3,4,NA,NA
"PYBI_94","2023-2024",1,0,1,85.9,0,85.9,7,3,"3",0.86,0.19,0.19,0,140,5.61,1.78,1.78,12,6,7,NA,NA
"PYBI_95-T","2021-2022",0,0,0,0,0,0,0,0,"0",0,NA,NA,0,NA,0,0,0,1,0,0,NA,NA
"PYBI_95-T","2022-2023",0,0,0,0,0,0,0,0,"0",0.03,0,0,0,41,0.85,0.09,0.09,3,2,2,NA,NA
"PYBI_95-T","2023-2024",0,0,0,0,0,0,0,0,"0",0,NA,NA,0,NA,0,0,0,1,0,0,NA,NA
"PYBI_95","2021-2022",0,0,0,0,0,0,3,0,"",1.73,0,0,0,21,5.11,0,0.19,7,1,3,NA,NA
"PYBI_95","2022-2023",3,1,2,59.9,26.2,76.75,14,8,"6",6.3,0.65,0.54,0,153,16.25,3.38,2.97,21,10,9,NA,NA
"PYBI_95","2023-2024",3,1,2,51.03,17.4,67.85,7,4,"4",2.17,0.1,0.1,0,120,7.69,1.1,1.09,13,7,6,NA,NA
"PYBI_95","2024-2025",1,0,1,79.3,0,79.3,5,4,"4",1.11,0.91,0.91,0,133,6.43,4.73,4.15,11,9,8,NA,NA
"PYBI_96-T","2022-2023",0,0,0,0,0,0,0,0,"0",0,NA,NA,0,NA,0.58,0,0,3,0,0,NA,NA
"PYBI_96","2021-2022",0,0,0,0,0,0,2,1,"",1.65,0,0,0,21,4.5,0,0.13,9,1,3,NA,NA
"PYBI_96","2022-2023",0,0,0,0,0,0,7,6,"6",6.8,4.94,3.44,0,139,15.5,7.94,6.33,17,10,8,NA,NA
"PYBI_96","2023-2024",2,1,1,40.15,26.6,53.7,6,6,"4",0.79,0,0,0,66,3.18,0.27,0.27,9,4,4,NA,NA
"PYBI_97-T","2021-2022",0,0,0,0,0,0,0,0,"0",0,NA,NA,0,NA,0,0,0,1,0,0,NA,NA
"PYBI_97-T","2023-2024",0,0,0,0,0,0,0,0,"0",0,0,0,0,33,0.88,0.88,0.88,2,2,2,NA,NA
"PYBI_97-T","2024-2025",0,0,0,0,0,0,0,0,"0",0,0,0,0,NA,0,0,0,1,1,1,NA,NA
"PYBI_97","2021-2022",0,0,0,0,0,0,1,0,"",1.34,NA,NA,0,NA,3.84,0,0,5,0,0,NA,NA
"PYBI_97","2022-2023",0,0,0,0,0,0,0,0,"",5.79,0,0,0,28,8.04,0.08,0,6,2,1,NA,NA
"PYBI_97","2023-2024",2,1,1,46.8,37.4,56.2,4,3,"2",6.85,0.39,0.39,0,121,9.18,3.39,3.87,9,5,6,NA,NA
"PYBI_97","2024-2025",0,0,0,0,0,0,7,5,"4",0.65,0.45,0.29,0,121,3.5,2.42,2.12,10,7,5,NA,NA
"PYBI_97","2024-2025",0,0,0,0,0,0,7,5,"4",0.65,0.45,0.29,13,121,3.5,2.42,2.12,10,7,5,NA,NA
"PYBI_98-T","2022-2023",0,0,0,0,0,0,0,0,"0",0.43,0,0,0,15,4.49,0.1,0.1,6,2,2,NA,NA
"PYBI_98-T","2023-2024",0,0,0,0,0,0,0,0,"0",0.17,0,0,0,42,1.18,0,0,3,1,1,NA,NA
"PYBI_98","2022-2023",6,4,2,47.1,19.52,102.25,10,8,"7",0.58,0.1,0.32,0,97,5.14,1.89,2.78,12,8,8,NA,NA
"PYBI_98","2023-2024",0,0,0,0,0,0,13,9,"8",0.16,0.03,0.02,0,128,2.46,0.64,0.66,13,7,6,NA,NA
"PYBI_98","2024-2025",0,0,0,0,0,0,1,1,"",0,NA,NA,0,15,0.62,0,0,3,0,0,NA,NA
"PYBI_99-T","2022-2023",0,0,0,0,0,0,0,0,"0",1.29,0,0,0,7,3.92,0.85,0.85,4,2,2,NA,NA
"PYBI_99-T","2024-2025",0,0,0,0,0,0,0,0,"0",0,0,0,0,NA,0,0,0,1,1,1,NA,NA
"PYBI_99","2022-2023",0,0,0,0,0,0,5,1,"",0.85,0.06,0.06,0,35,3.76,0.8,0.8,8,5,5,NA,NA
"PYBI_99","2022-2023",0,0,0,0,0,0,5,1,"",0.85,0.06,0.06,16,35,3.76,0.8,0.8,8,5,5,NA,NA
"PYBI_99","2023-2024",1,0,1,136.7,0,136.7,11,8,"5",2.57,0.33,0.33,0,146,8.67,3.87,4.14,17,8,8,NA,NA
"PYBI_99","2024-2025",4,1,3,68.18,12.5,86.74,8,6,"6",1.05,0.09,0.05,0,135,3.76,1.85,1.65,12,10,7,NA,NA
"PYBI_D7-T","2018-2019",0,0,0,0,0,0,0,0,"0",0,NA,NA,0,NA,0,0,0,1,0,0,NA,NA
"PYBI_D7-T","2019-2020",0,0,0,0,0,0,0,0,"0",0.48,0,0,0,106,3.68,0,0,10,1,1,NA,NA
"PYBI_D7-T","2020-2021",0,0,0,0,0,0,0,0,"0",0.18,0,0,0,171,2.1,0.6,0.09,8,3,2,NA,NA
"PYBI_D7-T","2021-2022",0,0,0,0,0,0,0,0,"0",0.15,0.13,0.04,0,57,1.98,1.21,0.75,11,5,4,NA,NA
"PYBI_D7-T","2022-2023",0,0,0,0,0,0,0,0,"0",0,0,0,0,29,0.65,0,0,2,1,1,NA,NA
"PYBI_D7","2019-2020",0,0,0,0,0,0,15,6,"4",0.34,0.12,0.07,0,102,4.75,1.48,1.09,18,8,6,NA,NA
"PYBI_D7","2019-2020",0,0,0,0,0,0,15,6,"4",0.34,0.12,0.07,1,102,4.75,1.48,1.09,18,8,6,NA,NA
"PYBI_D7","2020-2021",2,1,1,62.75,17,108.5,15,6,"5",0.94,0.19,0.19,0,121,5.91,1.48,1.32,14,5,5,NA,NA
"PYBI_D7","2021-2022",1,0,1,85.5,0,85.5,10,4,"2",0.66,0.05,0.05,0,139,4.94,1.06,1.06,13,5,5,NA,NA
"PYBI_D7","2022-2023",0,0,0,0,0,0,6,2,"",0.33,0,0,0,104,2.49,0.23,0.05,6,3,2,NA,NA
"PYBI_V5-T","2019-2020",0,0,0,0,0,0,0,0,"0",0.04,0,0,0,NA,1.04,0,0,5,1,1,NA,NA
"PYBI_V5-T","2020-2021",0,0,0,0,0,0,0,0,"0",0,NA,NA,0,NA,0,0,0,1,0,0,NA,NA
"PYBI_V5-T","2021-2022",0,0,0,0,0,0,0,0,"0",0.16,NA,NA,0,NA,2.65,0,0,3,0,0,NA,NA
"PYBI_V5-T","2023-2024",0,0,0,0,0,0,0,0,"0",0,0,0,0,NA,0,0,0,1,1,1,NA,NA
"PYBI_V5","2019-2020",0,0,0,0,0,0,13,7,"",2.21,1.13,0.5,0,63,10.24,4.45,3.15,16,12,9,NA,NA
"PYBI_V5","2020-2021",2,0,2,36,0,36,3,3,"3",10.96,0.01,0.04,0,168,14.01,0.62,0.99,14,4,5,NA,NA
"PYBI_V5","2021-2022",0,0,0,0,0,0,5,4,"3",5.84,0.03,0.03,0,145,14.38,1.85,1.43,11,4,4,NA,NA
"PYBI_V5","2022-2023",1,0,1,32.9,0,32.9,1,1,"",7.69,0.01,0,0,134,14.74,1.8,1.74,12,4,3,NA,NA
"PYBI_V5","2023-2024",0,0,0,0,0,0,3,1,"1",3.52,0.14,0.18,0,120,6.35,1.8,2.37,10,4,5,NA,NA
