"Snake_ID","season","id_season","pythons.removed","females","males","avg.total","avg.m","avg.f","ground","peak","search","sample.size","sample.size.core.A","sample.size.core.B","MCP_sqmi","MCP.core.A_sqmi","MCP.core.B_sqmi","overlap","overlap_core.A","overlap_core.B","trapdays.corrected.breeding.season","min.dist.mi.corrected","min.dist.core.A.mi.corrected","min.dist.core.B.mi.corrected"
"PYBI_100","2022-2023","PYBI_100_2022-2023",0,0,0,0,0,0,4,4,"3",13,5,6,1.97,0.04,0.04,NA,NA,NA,42,6.52,1.28,1.66
"PYBI_100","2023-2024","PYBI_100_2023-2024",0,0,0,0,0,0,9,9,"5",15,9,8,1.29,0.37,0.16,0.3,0,0,128,5.75,2.6,1.47
"PYBI_100","2024-2025","PYBI_100_2024-2025",4,2,2,58.12,16.05,100.2,9,6,"6",13,8,8,3.04,0.5,0.42,0.25,0,0.23,141,8.32,3.54,3.15
"PYBI_101","2022-2023","PYBI_101_2022-2023",0,0,0,0,0,0,3,2,"1",9,3,4,0.64,0,0.02,NA,NA,NA,35,4.22,1,1.14
"PYBI_101","2023-2024","PYBI_101_2023-2024",0,0,0,0,0,0,13,12,"8",16,10,8,1.51,0.58,0.49,0.8,0.49,0,140,5.91,3.67,3.01
"PYBI_101","2024-2025","PYBI_101_2024-2025",1,1,0,98.4,0,98.4,10,8,"7",12,6,6,2.94,0.24,0.22,0.96,0.12,0.13,141,6.82,2.39,2.19
"PYBI_102","2022-2023","PYBI_102_2022-2023",0,0,0,0,0,0,5,4,"2",12,5,6,0.2,0.05,0.06,NA,NA,NA,48,4.44,1.05,1.44
"PYBI_102","2023-2024","PYBI_102_2023-2024",1,1,0,139.5,0,139.5,12,10,"9",16,10,9,0.58,0.49,0.49,0.28,0.49,0.37,140,5.61,4.66,4.11
"PYBI_102","2024-2025","PYBI_102_2024-2025",1,1,0,112.8,0,112.8,10,9,"7",13,8,7,0.66,0.1,0.11,0,0,0,141,5.87,2.2,2.4
"PYBI_103","2022-2023","PYBI_103_2022-2023",0,0,0,0,0,0,1,0,"",8,3,3,1.38,0.02,0.02,NA,NA,NA,14,4.4,0.95,0.95
"PYBI_103","2023-2024","PYBI_103_2023-2024",0,0,0,0,0,0,8,7,"6",12,7,5,1.72,0.26,0.21,0.38,1,0.86,85,7.9,4.4,3.05
"PYBI_103","2024-2025","PYBI_103_2024-2025",5,4,1,88.52,31.6,102.75,11,9,"8",15,9,9,1.22,0.12,0.12,0.15,0.01,0.01,141,6.54,1.83,2.04
"PYBI_104","2022-2023","PYBI_104_2022-2023",0,0,0,0,0,0,0,0,"0",7,0,1,0.47,NA,NA,NA,NA,NA,NA,2.53,0,0
"PYBI_104","2023-2024","PYBI_104_2023-2024",0,0,0,0,0,0,0,0,"0",1,0,0,NA,NA,NA,NA,NA,NA,NA,0,0,0
"PYBI_105","2023-2024","PYBI_105_2023-2024",0,0,0,0,0,0,6,4,"2",10,5,7,0.07,0.02,0.03,NA,NA,NA,84,1.29,0.74,0.95
"PYBI_105","2024-2025","PYBI_105_2024-2025",0,0,0,0,0,0,7,3,"1",8,3,1,0.55,0,NA,0,0,NA,82,2.2,0.24,0
"PYBI_108","2023-2024","PYBI_108_2023-2024",0,0,0,0,0,0,3,2,"2",7,4,5,1.55,0.48,0.66,NA,NA,NA,41,5.8,0.85,1.17
"PYBI_108","2024-2025","PYBI_108_2024-2025",3,2,1,61.8,35.2,75.1,8,8,"8",11,8,6,0.21,0.14,0.14,0.01,0,0,134,2.92,2.1,1.94
"PYBI_109","2023-2024","PYBI_109_2023-2024",0,0,0,0,0,0,2,1,"1",4,1,2,0.18,NA,NA,NA,NA,NA,15,1.92,0,0.48
"PYBI_109","2024-2025","PYBI_109_2024-2025",1,1,0,74.9,0,74.9,3,3,"3",7,4,3,1.01,0.1,0,0,NA,NA,90,4.07,1.31,0.68
"PYBI_110","2023-2024","PYBI_110_2023-2024",0,0,0,0,0,0,3,0,"",6,1,2,0.04,NA,NA,NA,NA,NA,34,0.69,0,0.05
"PYBI_110","2024-2025","PYBI_110_2024-2025",0,0,0,0,0,0,1,0,"",3,0,0,NA,NA,NA,NA,NA,NA,45,0,0,0
"PYBI_113","2024-2025","PYBI_113_2024-2025",0,0,0,0,0,0,2,2,"",6,6,5,2.37,2.37,1.32,NA,NA,NA,74,5.35,5.35,4.9
"PYBI_115","2024-2025","PYBI_115_2024-2025",0,0,0,0,0,0,3,3,"3",5,4,5,0,NA,0,NA,NA,NA,50,1.16,1.13,1.16
"PYBI_17","2014-2015","PYBI_17_2014-2015",2,2,0,60,0,60,21,20,"15",31,17,18,1.09,0.03,0.09,NA,NA,NA,90,5.89,2.19,2.49
"PYBI_17","2015-2016","PYBI_17_2015-2016",0,0,0,0,0,0,14,10,"10",39,14,12,1.35,0.71,0.45,0.64,0,0,174,11.83,6.68,4.88
"PYBI_17","2016-2017","PYBI_17_2016-2017",0,0,0,0,0,0,16,11,"13",18,11,12,0.08,0.08,0.08,0.01,0,0,157,1.7,1.18,1.17
"PYBI_21","2014-2015","PYBI_21_2014-2015",0,0,0,0,0,0,0,0,"0",6,0,0,1.55,NA,NA,NA,NA,NA,NA,3.53,0,0
"PYBI_21","2015-2016","PYBI_21_2015-2016",2,2,0,111.75,0,111.75,28,14,"6",43,19,16,1.21,0.24,0.24,0,NA,NA,175,12.89,6.21,5.49
"PYBI_21","2016-2017","PYBI_21_2016-2017",11,5,6,34.15,17.22,54.46,39,36,"11",55,28,30,7,0.36,0.34,0.32,0,0,170,17.52,4.13,4.07
"PYBI_21","2017-2018","PYBI_21_2017-2018",2,2,0,74.5,0,74.5,31,24,"16",49,16,14,4.99,0.05,0.04,0.63,0.12,0.11,155,12.57,1.2,0.92
"PYBI_21","2018-2019","PYBI_21_2018-2019",4,2,2,46.77,17.75,75.8,26,16,"17",51,18,20,5.5,0.29,0.2,0.56,0,0,163,16.38,4.7,4.81
"PYBI_21","2019-2020","PYBI_21_2019-2020",3,2,1,83.23,53.4,98.15,26,19,"7",36,13,11,2.3,0.22,0.08,0.41,0.47,0.21,162,9.61,2.11,1.92
"PYBI_21","2020-2021","PYBI_21_2020-2021",4,2,2,42.75,25.8,59.7,18,15,"7",20,12,11,7.09,3.78,1.06,0.93,0.31,0.49,165,11.65,5.82,4.08
"PYBI_29","2015-2016","PYBI_29_2015-2016",0,0,0,0,0,0,0,0,"0",3,0,0,0,NA,NA,NA,NA,NA,NA,0.2,0,0
"PYBI_29","2016-2017","PYBI_29_2016-2017",1,1,0,106.3,0,106.3,33,25,"24",46,18,18,3.36,0.3,0.14,1,NA,NA,175,12.83,2.47,1.83
"PYBI_29","2017-2018","PYBI_29_2017-2018",1,1,0,78.7,0,78.7,19,14,"13",26,13,11,1.32,0.51,0.29,0.38,0.46,0.1,176,7.91,3.35,2.85
"PYBI_29","2018-2019","PYBI_29_2018-2019",0,0,0,0,0,0,0,0,"0",1,0,0,NA,NA,NA,NA,NA,NA,NA,0,0,0
"PYBI_31","2016-2017","PYBI_31_2016-2017",2,0,2,14.55,14.55,0,10,10,"10",27,12,12,17.73,1.37,1.37,NA,NA,NA,118,22.78,5.64,5.64
"PYBI_31","2017-2018","PYBI_31_2017-2018",0,0,0,0,0,0,17,6,"8",36,14,12,2.86,0.78,0.53,0.04,0,0,148,16.69,6.78,5.65
"PYBI_31","2018-2019","PYBI_31_2018-2019",1,1,0,111,0,111,7,3,"3",9,0,0,1.98,NA,NA,0,NA,NA,55,6.83,0,0
"PYBI_31","2020-2021","PYBI_31_2020-2021",0,0,0,0,0,0,0,0,"0",1,1,1,NA,NA,NA,NA,NA,NA,NA,0,0,0
"PYBI_32","2016-2017","PYBI_32_2016-2017",2,2,0,47.7,0,47.7,18,16,"16",33,17,19,9.3,0.63,0.63,NA,NA,NA,108,16.53,3.48,3.2
"PYBI_32","2017-2018","PYBI_32_2017-2018",8,2,6,44.5,23.8,106.6,20,17,"17",35,14,13,9.17,0.06,0.06,0.49,0.09,0.09,169,19.45,3.17,3.07
"PYBI_32","2018-2019","PYBI_32_2018-2019",1,1,0,124.9,0,124.9,4,3,"3",8,3,2,1.25,0,NA,0.13,0,NA,85,5.15,0.31,0.17
"PYBI_33","2016-2017","PYBI_33_2016-2017",0,0,0,0,0,0,11,9,"7",25,13,12,1.08,0.2,0.2,NA,NA,NA,72,4.65,1.86,1.64
"PYBI_33","2017-2018","PYBI_33_2017-2018",0,0,0,0,0,0,19,18,"17",30,8,11,11.72,0.09,0.14,0.02,0,0,173,12.2,0.34,0.5
"PYBI_33","2018-2019","PYBI_33_2018-2019",0,0,0,0,0,0,12,9,"10",32,13,12,20.95,3.5,2.89,0.41,0,0,163,28.06,8.93,7.05
"PYBI_33","2019-2020","PYBI_33_2019-2020",1,1,0,108.9,0,108.9,17,16,"6",35,16,14,19.41,3.15,3.15,0.51,0,0,177,21.98,8.38,7.16
"PYBI_33","2020-2021","PYBI_33_2020-2021",4,2,2,65.17,22.15,108.2,9,8,"6",22,8,9,1.47,0.03,0.06,0.06,0,0,168,11.08,1.21,1.84
"PYBI_33","2021-2022","PYBI_33_2021-2022",0,0,0,0,0,0,5,5,"2",10,5,2,3.98,1.48,NA,0.24,0,NA,68,7.21,3.67,0.58
"PYBI_34","2016-2017","PYBI_34_2016-2017",1,1,0,28.3,0,28.3,18,18,"16",37,16,18,9.68,1.25,1.15,NA,NA,NA,98,16.54,6.99,6.55
"PYBI_34","2017-2018","PYBI_34_2017-2018",0,0,0,0,0,0,22,12,"12",37,16,15,6.43,0.4,0.24,0.41,0,0,176,18.77,2.85,2.49
"PYBI_34","2018-2019","PYBI_34_2018-2019",0,0,0,0,0,0,22,18,"19",39,10,9,6.03,1.23,0.05,0.51,0,0,168,13.77,4.33,1.2
"PYBI_34","2019-2020","PYBI_34_2019-2020",4,2,2,37.38,12.95,61.8,27,20,"9",39,17,15,8.07,0.44,0.52,0.46,0.01,0,163,16.69,2.65,2.48
"PYBI_34","2020-2021","PYBI_34_2020-2021",6,3,3,52.3,17.5,87.1,13,9,"5",31,11,11,5.31,0.31,0.34,0.25,0,0,180,12.62,2.63,2.67
"PYBI_34","2021-2022","PYBI_34_2021-2022",4,2,2,74.35,31.3,117.4,16,8,"5",24,9,8,4.36,1.24,1.14,0.47,0,0,153,14.02,4.49,4.15
"PYBI_34","2022-2023","PYBI_34_2022-2023",4,3,1,98.35,11,127.47,12,8,"6",23,10,10,4.05,1.05,1.05,0,0,0,154,9.86,4.24,3.86
"PYBI_34","2023-2024","PYBI_34_2023-2024",2,2,0,108.75,0,108.75,12,9,"5",22,11,12,3.45,1,0.53,0.21,0,0,134,12.2,5.47,4.79
"PYBI_34","2024-2025","PYBI_34_2024-2025",1,1,0,140.5,0,140.5,15,9,"8",19,11,12,2.16,0.14,0.04,0.2,0,0,142,5.52,1.71,1.16
"PYBI_36","2016-2017","PYBI_36_2016-2017",0,0,0,0,0,0,2,2,"1",14,0,1,2.28,NA,NA,NA,NA,NA,8,6.22,0,0
"PYBI_36","2017-2018","PYBI_36_2017-2018",1,0,1,35.1,35.1,0,16,12,"12",18,4,2,1.04,0.02,NA,0,NA,NA,87,4.5,0.72,0.31
"PYBI_41","2017-2018","PYBI_41_2017-2018",0,0,0,0,0,0,13,8,"8",21,11,13,0.45,0.17,0.17,NA,NA,NA,74,5.54,2.11,2.36
"PYBI_41","2018-2019","PYBI_41_2018-2019",0,0,0,0,0,0,20,17,"17",29,15,14,4.76,1,0.27,0.56,0.31,0.23,158,11.05,4.42,2.6
"PYBI_43","2017-2018","PYBI_43_2017-2018",2,0,2,19.65,19.65,0,13,13,"12",26,11,13,0.52,0.07,0.07,NA,NA,NA,65,3.47,0.95,0.95
"PYBI_43","2018-2019","PYBI_43_2018-2019",2,1,1,48.55,18.6,78.5,38,27,"26",49,19,18,3.02,0.26,0.29,1,0,0,168,14.93,3.95,4.29
"PYBI_43","2019-2020","PYBI_43_2019-2020",0,0,0,0,0,0,10,8,"",9,0,0,0.48,NA,NA,0,NA,NA,36,2.44,0,0
"PYBI_43","2021-2022","PYBI_43_2021-2022",0,0,0,0,0,0,12,8,"5",24,10,9,0.9,0.29,0.29,NA,NA,NA,155,6.93,3.27,2.94
"PYBI_43","2022-2023","PYBI_43_2022-2023",2,2,0,117.7,0,117.7,9,5,"3",16,9,7,5.02,1.06,0.52,0.66,0,0,126,10.21,5.07,3.51
"PYBI_45","2017-2018","PYBI_45_2017-2018",0,0,0,0,0,0,5,3,"3",17,3,5,4.64,0.04,0.45,NA,NA,NA,42,8.88,1.73,2.26
"PYBI_45","2018-2019","PYBI_45_2018-2019",2,1,1,65.35,49.9,80.8,29,20,"20",46,21,21,4.08,1.06,1.06,0.53,0,0,158,21.44,7.18,7.37
"PYBI_45","2019-2020","PYBI_45_2019-2020",5,2,3,61.98,15.97,131,28,27,"8",37,13,12,1.81,0.22,0.6,0.28,0,0.02,158,8.7,1.62,2.87
"PYBI_45","2020-2021","PYBI_45_2020-2021",1,1,0,71.4,0,71.4,21,17,"10",29,12,10,1.95,0.95,0.81,0.37,0,0,163,10.99,6.37,4.82
"PYBI_45","2021-2022","PYBI_45_2021-2022",1,1,0,106.8,0,106.8,14,12,"4",24,12,12,1.19,0.39,0.42,0.25,0.01,0,161,7.74,3.16,3.13
"PYBI_45","2022-2023","PYBI_45_2022-2023",6,2,4,47.09,15.53,110.22,15,10,"4",19,11,9,2.22,0.65,0.48,0.16,0,0,179,6.59,2.86,2.29
"PYBI_45","2024-2025","PYBI_45_2024-2025",0,0,0,0,0,0,3,3,"1",5,4,5,2.51,0.37,2.51,NA,NA,NA,34,1.76,0.31,1.76
"PYBI_47","2017-2018","PYBI_47_2017-2018",0,0,0,0,0,0,0,0,"0",4,0,0,0.02,NA,NA,NA,NA,NA,NA,0.47,0,0
"PYBI_47","2018-2019","PYBI_47_2018-2019",3,2,1,85.13,30.2,112.6,31,17,"12",47,14,15,0.9,0.59,0.62,0,NA,NA,170,11.46,3.96,4.22
"PYBI_47","2019-2020","PYBI_47_2019-2020",3,3,0,58,0,58,15,8,"7",32,11,9,1.61,0.27,0.39,0.82,0,0.03,156,10.14,3.38,3.27
"PYBI_47","2020-2021","PYBI_47_2020-2021",1,1,0,88.6,0,88.6,18,13,"6",29,13,14,1.02,0.58,0.91,0.45,0,0.05,154,10.4,3.78,4.4
"PYBI_47","2021-2022","PYBI_47_2021-2022",0,0,0,0,0,0,9,6,"1",12,4,3,0.47,0.13,0.04,0.46,0.22,0.03,92,3.59,1.61,0.93
"PYBI_51","2018-2019","PYBI_51_2018-2019",3,1,2,28.8,17.75,50.9,15,10,"10",31,14,14,0.46,0.4,0.4,NA,NA,NA,99,7.73,3.78,4.29
"PYBI_51","2019-2020","PYBI_51_2019-2020",1,1,0,30.6,0,30.6,25,15,"9",32,16,11,0.59,0.51,0.08,0.9,0.83,0.14,183,8.7,4.31,2.01
"PYBI_51","2020-2021","PYBI_51_2020-2021",4,2,2,15.22,10.05,20.4,13,9,"6",24,7,8,2.16,0,0,0.44,0,0.01,153,6.54,0.3,0.19
"PYBI_51","2021-2022","PYBI_51_2021-2022",0,0,0,0,0,0,20,17,"1",26,12,11,1.24,0.02,0.08,0.17,0,0,164,5.81,0.63,0.86
"PYBI_51","2022-2023","PYBI_51_2022-2023",1,1,0,109.5,0,109.5,5,2,"1",6,0,0,0.25,NA,NA,0.01,NA,NA,56,2.52,0,0
"PYBI_52","2018-2019","PYBI_52_2018-2019",0,0,0,0,0,0,11,8,"4",28,10,9,1.33,0.02,0.02,NA,NA,NA,94,9.94,0.95,0.51
"PYBI_52","2019-2020","PYBI_52_2019-2020",1,1,0,76.7,0,76.7,18,11,"5",31,13,11,2.91,0.83,0.85,0.96,0,0,153,14.44,4.58,3.94
"PYBI_52","2020-2021","PYBI_52_2020-2021",4,2,2,32.45,18.55,46.35,9,6,"4",25,9,10,4.83,0.25,0.29,0.47,0,0,145,14.55,2,3.11
"PYBI_52","2021-2022","PYBI_52_2021-2022",4,1,3,38.8,16.97,104.3,17,13,"6",29,15,14,3.74,0.39,0.39,0.57,0,0,176,11.43,4.77,3.21
"PYBI_52","2022-2023","PYBI_52_2022-2023",1,1,0,107.6,0,107.6,16,10,"2",20,9,9,3.2,0.81,0.81,0.59,0.72,0.72,170,8.64,3.58,3.34
"PYBI_52","2023-2024","PYBI_52_2023-2024",0,0,0,0,0,0,7,3,"3",13,4,5,0.92,0.02,0.01,0.25,0,0,134,5.32,0.91,0.56
"PYBI_52","2024-2025","PYBI_52_2024-2025",1,1,0,79,0,79,6,5,"4",11,7,7,1.82,0.34,0.76,0,0,0,143,7.79,4,5.23
"PYBI_53","2018-2019","PYBI_53_2018-2019",2,1,1,24.8,17.3,32.3,13,10,"10",26,13,13,5.02,0.76,0.76,NA,NA,NA,62,13.04,5.29,5.29
"PYBI_53","2019-2020","PYBI_53_2019-2020",2,2,0,42.8,0,42.8,23,13,"7",37,14,12,5.05,0.32,0.32,0.78,0.15,0.15,177,18.13,4.94,4.63
"PYBI_53","2020-2021","PYBI_53_2020-2021",1,0,1,19.6,19.6,0,13,12,"6",26,12,10,6.58,1.47,0.44,0.59,0,0,164,15.7,4.27,2.92
"PYBI_53","2021-2022","PYBI_53_2021-2022",1,1,0,106.7,0,106.7,15,13,"7",23,11,10,7.64,0.09,0.09,0.8,0,0,153,12.42,1.4,1.52
"PYBI_53","2022-2023","PYBI_53_2022-2023",1,1,0,16.6,0,16.6,10,8,"1",17,10,7,2.19,0.34,0.27,0.16,0,0,148,11.63,3.74,3.18
"PYBI_53","2023-2024","PYBI_53_2023-2024",1,1,0,96.4,0,96.4,13,10,"6",18,8,10,2.97,0.06,0.08,0.67,0.01,0.05,126,6.96,0.95,1.15
"PYBI_53","2024-2025","PYBI_53_2024-2025",3,3,0,92.06,0,92.06,12,10,"10",14,10,9,2.52,1.44,1.43,0.57,0,0,135,7.16,3.67,3.57
"PYBI_54","2018-2019","PYBI_54_2018-2019",2,1,1,63.8,14.1,113.5,15,10,"10",33,14,15,7.65,0.15,0.15,NA,NA,NA,83,11.52,1.53,1.56
"PYBI_54","2019-2020","PYBI_54_2019-2020",0,0,0,0,0,0,4,2,"",9,2,1,0.4,NA,NA,0,NA,NA,91,3.03,0.21,0
"PYBI_58","2018-2019","PYBI_58_2018-2019",0,0,0,0,0,0,2,1,"0",16,0,1,0.19,NA,NA,NA,NA,NA,NA,2.48,0,0
"PYBI_58","2019-2020","PYBI_58_2019-2020",4,2,2,62.73,21.9,103.55,23,19,"13",38,16,14,2.09,0.23,0.1,0.97,NA,NA,153,11.4,3.87,3.34
"PYBI_58","2020-2021","PYBI_58_2020-2021",2,1,1,50.8,20.8,80.8,11,5,"3",15,9,9,0.97,0.7,0.7,0.42,0,0,167,7.48,3.86,3.86
"PYBI_59","2018-2019","PYBI_59_2018-2019",0,0,0,0,0,0,2,0,"0",18,0,1,0.93,NA,NA,NA,NA,NA,NA,6.45,0,0
"PYBI_59","2019-2020","PYBI_59_2019-2020",0,0,0,0,0,0,21,13,"7",32,14,9,2.29,0.16,0.1,0.99,NA,NA,149,11.51,3.37,1.31
"PYBI_59","2020-2021","PYBI_59_2020-2021",3,1,2,51.37,19.15,115.8,11,9,"2",12,9,9,0.8,0.47,0.47,0.1,0,0,140,5.46,4.03,4.03
"PYBI_59","2021-2022","PYBI_59_2021-2022",0,0,0,0,0,0,4,2,"",9,8,8,1.04,1.04,1.04,0,0,0,77,2.55,2.29,2.29
"PYBI_64","2019-2020","PYBI_64_2019-2020",2,0,2,23.05,23.05,0,18,17,"",34,14,13,1.33,0.14,0.04,NA,NA,NA,113,5.94,1.99,1.32
"PYBI_64","2020-2021","PYBI_64_2020-2021",0,0,0,0,0,0,18,16,"4",31,10,8,1.42,0.02,0.01,0.17,0,0,163,7.42,0.45,0.35
"PYBI_64","2021-2022","PYBI_64_2021-2022",3,0,3,14.57,14.57,0,18,14,"3",33,11,11,1.68,0.02,0.03,0.26,0,0,162,5.51,0.62,0.65
"PYBI_64","2022-2023","PYBI_64_2022-2023",0,0,0,0,0,0,3,2,"",4,1,1,0,NA,NA,0,NA,NA,149,0.15,0,0
"PYBI_66","2019-2020","PYBI_66_2019-2020",0,0,0,0,0,0,11,11,"4",24,11,13,3.49,0.01,0.03,NA,NA,NA,83,8.68,0.53,0.89
"PYBI_66","2020-2021","PYBI_66_2020-2021",1,1,0,59.9,0,59.9,13,13,"2",25,10,8,2.52,0.05,0.05,0.53,0.45,0.46,168,10.8,2.89,1.93
"PYBI_66","2021-2022","PYBI_66_2021-2022",0,0,0,0,0,0,0,0,"",1,0,0,NA,NA,NA,NA,NA,NA,NA,0,0,0
"PYBI_68","2019-2020","PYBI_68_2019-2020",2,0,2,27.5,27.5,0,10,8,"",32,10,12,1.19,0.12,0.15,NA,NA,NA,89,6.97,1.75,1.89
"PYBI_68","2020-2021","PYBI_68_2020-2021",0,0,0,0,0,0,12,9,"2",26,5,6,2.53,0.36,0.66,0.98,0,0.61,159,12.45,3.13,3.16
"PYBI_68","2021-2022","PYBI_68_2021-2022",1,0,1,25.2,25.2,0,10,7,"5",19,9,8,0.83,0.05,0.04,0.33,0.01,0.03,169,3.47,1,1.1
"PYBI_69","2019-2020","PYBI_69_2019-2020",1,1,0,114.1,0,114.1,7,7,"3",14,7,7,1.07,0.01,0.01,NA,NA,NA,77,4.45,0.65,0.65
"PYBI_69","2020-2021","PYBI_69_2020-2021",2,1,1,70.3,19.8,120.8,15,12,"3",22,10,9,2.78,0.64,0.52,0.57,0,0,150,12.18,3.28,3.41
"PYBI_69","2021-2022","PYBI_69_2021-2022",1,0,1,27.2,27.2,0,13,9,"5",20,10,10,0.75,0.34,0.34,0.27,0,0,154,8.02,3.47,3.3
"PYBI_69","2022-2023","PYBI_69_2022-2023",3,3,0,93.27,0,93.27,14,12,"6",21,13,11,3.27,1.06,1.06,0.73,0,0,179,10.22,4.57,3.66
"PYBI_69","2023-2024","PYBI_69_2023-2024",0,0,0,0,0,0,10,7,"4",17,8,11,1.93,1,0.92,0.58,0.19,0.35,134,8.12,3.19,3.82
"PYBI_69","2024-2025","PYBI_69_2024-2025",3,2,1,109.17,29.7,148.9,14,8,"8",17,11,11,2.23,0.42,0.42,0,0,0,142,10.73,6.14,6.77
"PYBI_70","2019-2020","PYBI_70_2019-2020",1,1,0,102.6,0,102.6,10,10,"3",19,9,11,1.71,0.03,0.19,NA,NA,NA,57,6.59,1.68,3.33
"PYBI_70","2020-2021","PYBI_70_2020-2021",0,0,0,0,0,0,3,1,"",4,0,0,0.02,NA,NA,0,NA,NA,25,1.12,0,0
"PYBI_71","2019-2020","PYBI_71_2019-2020",2,2,0,33.4,0,33.4,11,9,"6",21,10,12,9.56,0.17,0.24,NA,NA,NA,56,10.66,2.94,3.19
"PYBI_71","2020-2021","PYBI_71_2020-2021",4,2,2,68.83,44.85,92.8,9,9,"5",20,8,8,5.03,0.07,0.01,0.14,0,0,169,10.48,1.45,0.75
"PYBI_71","2021-2022","PYBI_71_2021-2022",5,3,2,79.58,19.9,119.37,12,11,"9",24,10,10,2.32,0.43,0.2,0.3,0,0,162,9.02,4.11,3.07
"PYBI_71","2022-2023","PYBI_71_2022-2023",0,0,0,0,0,0,4,4,"2",5,1,0,0.59,NA,NA,0.14,NA,NA,69,3.25,0,0
"PYBI_73","2019-2020","PYBI_73_2019-2020",0,0,0,0,0,0,1,1,"",16,3,3,1.6,0.15,0.15,NA,NA,NA,11,7.1,3.13,3.13
"PYBI_73","2020-2021","PYBI_73_2020-2021",0,0,0,0,0,0,17,15,"4",27,12,12,1.05,0.17,0.06,0.1,0,0,155,7.01,2.54,1.4
"PYBI_73","2021-2022","PYBI_73_2021-2022",0,0,0,0,0,0,17,15,"4",27,10,10,1.03,0.4,0.32,0.5,0.9,0.68,170,9.56,3.53,3.15
"PYBI_73","2022-2023","PYBI_73_2022-2023",0,0,0,0,0,0,7,4,"1",10,5,2,1.03,0,NA,0,0,NA,51,3.36,0.31,0.09
"PYBI_74","2019-2020","PYBI_74_2019-2020",0,0,0,0,0,0,4,3,"",16,3,5,0.86,0,0.08,NA,NA,NA,23,5.46,1.09,1.25
"PYBI_74","2020-2021","PYBI_74_2020-2021",4,2,2,52.75,25.25,80.25,18,10,"4",31,13,12,1.96,0.44,0.55,0.37,0,0,175,13.08,4.26,4.54
"PYBI_74","2021-2022","PYBI_74_2021-2022",1,1,0,80.6,0,80.6,16,10,"3",27,12,8,2.66,0.17,0.06,0.11,0,0,175,11.73,1.89,1.18
"PYBI_74","2022-2023","PYBI_74_2022-2023",1,1,0,130.2,0,130.2,9,7,"4",19,9,6,5.84,1.86,1.02,0.53,0.25,0,151,14.29,5.7,3.23
"PYBI_74","2023-2024","PYBI_74_2023-2024",1,1,0,126.9,0,126.9,8,6,"3",14,8,9,1.37,0.37,0.45,0.03,0,0,116,6.62,2.73,2.97
"PYBI_74","2024-2025","PYBI_74_2024-2025",0,0,0,0,0,0,0,0,"",1,0,0,NA,NA,NA,NA,NA,NA,NA,0,0,0
"PYBI_78","2019-2020","PYBI_78_2019-2020",0,0,0,0,0,0,0,0,"0",5,0,0,0.03,NA,NA,NA,NA,NA,NA,0.75,0,0
"PYBI_78","2020-2021","PYBI_78_2020-2021",3,3,0,31.37,0,31.37,19,13,"8",26,14,14,1.29,0.18,0.18,1,NA,NA,168,9.34,2.69,2.69
"PYBI_78","2021-2022","PYBI_78_2021-2022",0,0,0,0,0,0,13,9,"2",22,10,8,3.09,0.48,0.47,0.93,0.65,0.65,178,12.16,3.99,3.07
"PYBI_78","2022-2023","PYBI_78_2022-2023",1,1,0,115.2,0,115.2,16,13,"2",23,10,7,2.74,1.69,0.77,0.74,0,0,170,9.67,5.78,3.84
"PYBI_78","2023-2024","PYBI_78_2023-2024",0,0,0,0,0,0,1,0,"",2,0,0,NA,NA,NA,NA,NA,NA,8,0.16,0,0
"PYBI_79","2020-2021","PYBI_79_2020-2021",0,0,0,0,0,0,11,8,"4",21,11,11,3.34,1.33,1.42,NA,NA,NA,111,11.43,5.84,6.13
"PYBI_79","2021-2022","PYBI_79_2021-2022",1,1,0,93.1,0,93.1,11,6,"2",24,7,5,5.12,0.1,0.02,0.85,0,0,142,12.85,1.95,1.48
"PYBI_79","2022-2023","PYBI_79_2022-2023",1,1,0,74.9,0,74.9,13,6,"5",23,9,8,3.51,0.84,0.72,0.4,0,0,142,10.59,3.63,3.49
"PYBI_79","2023-2024","PYBI_79_2023-2024",2,1,1,50,16.1,83.9,8,4,"3",8,4,3,0.17,0.01,0.01,0,0,0,144,1.91,0.6,0.45
"PYBI_79","2024-2025","PYBI_79_2024-2025",0,0,0,0,0,0,1,0,"",1,0,0,NA,NA,NA,NA,NA,NA,NA,0,0,0
"PYBI_81","2020-2021","PYBI_81_2020-2021",0,0,0,0,0,0,2,2,"1",5,2,3,0.05,NA,0,NA,NA,NA,54,1.27,0.03,0.2
"PYBI_81","2021-2022","PYBI_81_2021-2022",0,0,0,0,0,0,9,3,"",25,5,4,3.75,0.09,0.09,0,NA,0,176,4.45,0.9,0.86
"PYBI_81","2022-2023","PYBI_81_2022-2023",3,1,2,23.4,20.2,29.8,11,6,"5",19,11,9,3.39,0.7,0.49,0.01,0,0,176,9.64,4.09,3.57
"PYBI_81","2023-2024","PYBI_81_2023-2024",0,0,0,0,0,0,2,1,"",2,0,0,NA,NA,NA,NA,NA,NA,3,0.19,0,0
"PYBI_82","2020-2021","PYBI_82_2020-2021",0,0,0,0,0,0,7,6,"2",16,8,8,4.6,0.04,0.04,NA,NA,NA,76,9.58,2.4,2.4
"PYBI_82","2021-2022","PYBI_82_2021-2022",7,5,2,78.47,38,94.66,13,11,"7",24,8,9,7.44,0.12,0.13,0.69,0,0,175,16.6,1.17,1.77
"PYBI_82","2022-2023","PYBI_82_2022-2023",1,1,0,42.9,0,42.9,15,13,"10",24,10,10,8.69,0.09,0.09,0.61,0,0,166,15.64,2.44,2.46
"PYBI_82","2023-2024","PYBI_82_2023-2024",1,1,0,123.4,0,123.4,9,6,"5",17,10,9,4.37,0.05,0.11,0.39,0,0,122,9.58,1.7,1.94
"PYBI_82","2024-2025","PYBI_82_2024-2025",7,3,4,48.71,32.08,70.9,9,9,"9",14,10,10,4.89,1.61,1.81,0.38,0,0.11,141,7.54,4.97,5.28
"PYBI_83","2020-2021","PYBI_83_2020-2021",2,2,0,101.2,0,101.2,7,8,"3",17,8,8,5.28,0.02,0.02,NA,NA,NA,77,12.03,4.36,4.36
"PYBI_83","2021-2022","PYBI_83_2021-2022",4,2,2,39.25,35.4,43.1,16,15,"7",24,10,11,4.93,0.16,0.06,0.62,0.72,0.41,175,12.68,2.81,2.62
"PYBI_83","2022-2023","PYBI_83_2022-2023",0,0,0,0,0,0,12,9,"4",25,13,12,6.38,1.68,0.75,0.79,0.23,0.01,166,13.89,4.57,3.31
"PYBI_83","2023-2024","PYBI_83_2023-2024",2,1,1,41.55,28.2,54.9,7,4,"2",14,8,9,2.4,0.59,0.63,0.36,0.31,0.52,121,8.37,3.57,3.73
"PYBI_83","2024-2025","PYBI_83_2024-2025",2,1,1,40.55,27,54.1,10,5,"5",14,10,9,2.53,0.33,0.1,0.2,0.34,0.08,141,7.04,2.03,1.96
"PYBI_84","2020-2021","PYBI_84_2020-2021",0,0,0,0,0,0,3,3,"1",12,2,3,3.21,NA,0,NA,NA,NA,48,9.21,0.86,0.88
"PYBI_84","2021-2022","PYBI_84_2021-2022",6,4,2,55.6,26,70.4,11,7,"5",22,12,11,2.48,0.13,0.14,0.64,NA,0.17,149,13.16,2.61,2.07
"PYBI_84","2022-2023","PYBI_84_2022-2023",1,1,0,40.2,0,40.2,11,10,"5",18,7,7,5.75,1.24,0.61,0.69,0,0.05,166,16.05,4.3,3.34
"PYBI_84","2023-2024","PYBI_84_2023-2024",3,1,2,62.47,35.6,116.2,9,7,"5",17,9,8,2.71,0.29,0.13,0.37,0,0,120,7.77,1.95,1.26
"PYBI_84","2024-2025","PYBI_84_2024-2025",5,3,2,80.84,27.45,116.43,12,12,"9",14,9,9,0.78,0.12,0.11,0,0,0,141,5.37,2.48,2.45
"PYBI_85","2020-2021","PYBI_85_2020-2021",0,0,0,0,0,0,3,4,"2",12,2,3,0.6,NA,0,NA,NA,NA,49,4.1,0.33,0.54
"PYBI_85","2021-2022","PYBI_85_2021-2022",2,0,2,42.8,42.8,0,10,7,"4",21,11,9,1.9,0.31,0.14,1,NA,0.89,141,10.63,3.9,2.17
"PYBI_85","2022-2023","PYBI_85_2022-2023",1,1,0,59.4,0,59.4,9,6,"4",23,9,9,3.1,0.2,0.05,0.89,0.29,0.04,166,14.89,2.54,1.51
"PYBI_85","2023-2024","PYBI_85_2023-2024",6,1,5,40.08,30.7,87,5,3,"3",15,9,8,1.52,1.41,0.68,0.04,0,0,120,7.52,4.54,3.26
"PYBI_85","2024-2025","PYBI_85_2024-2025",3,2,1,44.43,27.8,52.75,9,6,"5",13,8,10,0.92,0.43,0.43,0.34,0.05,0.09,143,5.33,2.95,3.37
"PYBI_86","2021-2022","PYBI_86_2021-2022",0,0,0,0,0,0,6,3,"",13,5,3,27.92,0.17,0,NA,NA,NA,156,14.81,1.43,0.18
"PYBI_86","2022-2023","PYBI_86_2022-2023",0,0,0,0,0,0,1,1,"1",4,0,0,0.07,NA,NA,0,NA,NA,40,4.83,0,0
"PYBI_88","2021-2022","PYBI_88_2021-2022",0,0,0,0,0,0,10,5,"1",19,8,6,2.23,0.12,0.04,NA,NA,NA,149,8.23,2.68,2.23
"PYBI_88","2022-2023","PYBI_88_2022-2023",2,1,1,64.55,27.3,101.8,12,7,"2",15,10,9,1.74,0.22,0.22,0.23,0.01,0,149,7.47,2.4,2.31
"PYBI_90","2021-2022","PYBI_90_2021-2022",0,0,0,0,0,0,5,4,"",12,4,5,1.36,0.02,0.07,NA,NA,NA,69,4.72,0.49,1.34
"PYBI_90","2022-2023","PYBI_90_2022-2023",0,0,0,0,0,0,0,0,"",4,0,0,0.02,NA,NA,0,NA,NA,54,0.97,0,0
"PYBI_91","2021-2022","PYBI_91_2021-2022",1,0,1,16.8,16.8,0,7,7,"1",13,6,8,1.31,0.05,0.05,NA,NA,NA,54,5.67,1.33,1.66
"PYBI_91","2022-2023","PYBI_91_2022-2023",4,4,0,58.27,0,58.27,12,10,"6",22,12,11,1.6,1.02,0.53,0.11,0,0,153,9.79,4.14,3.41
"PYBI_91","2023-2024","PYBI_91_2023-2024",6,3,3,51.27,18.2,84.33,7,6,"5",12,7,7,2.67,1.07,0.24,0,0,0,107,6.73,1.59,2.67
"PYBI_91","2024-2025","PYBI_91_2024-2025",4,2,2,59.26,36.05,82.46,12,7,"6",15,9,9,0.56,0.05,0.02,0.02,0,0,128,2.83,0.85,0.68
"PYBI_92","2021-2022","PYBI_92_2021-2022",0,0,0,0,0,0,4,2,"1",9,4,4,1.07,0.07,0.07,NA,NA,NA,27,8.81,1.85,1.85
"PYBI_92","2022-2023","PYBI_92_2022-2023",3,2,1,37.27,25.5,43.15,12,9,"6",25,13,13,2.4,0.5,0.12,0.52,0.01,0,166,9.89,3.01,1.92
"PYBI_92","2023-2024","PYBI_92_2023-2024",0,0,0,0,0,0,8,7,"7",15,8,7,4.07,0.91,0.55,0.77,0.47,0,120,8.68,4.24,3.36
"PYBI_92","2024-2025","PYBI_92_2024-2025",2,1,1,71.85,35.9,107.8,10,7,"7",13,7,8,2.51,1.45,1.02,0.1,0.23,0.34,135,7.02,5.19,4.49
"PYBI_93","2021-2022","PYBI_93_2021-2022",0,0,0,0,0,0,2,1,"",8,3,3,1.89,0.16,0.16,NA,NA,NA,33,6,2.23,2.23
"PYBI_93","2022-2023","PYBI_93_2022-2023",1,1,0,104.4,0,104.4,15,10,"3",24,12,11,3.64,1.6,1.6,0.92,0.79,0.79,178,15.25,7.09,6.34
"PYBI_93","2023-2024","PYBI_93_2023-2024",1,1,0,116.8,0,116.8,11,7,"6",17,9,9,1.79,0.35,0.4,0.37,0.15,0.18,134,8.48,4.32,4.85
"PYBI_93","2024-2025","PYBI_93_2024-2025",0,0,0,0,0,0,14,7,"4",16,9,9,0.56,0.11,0.06,0.18,0,0,142,5.23,1.74,1.12
"PYBI_95","2021-2022","PYBI_95_2021-2022",0,0,0,0,0,0,3,0,"",8,1,3,2.53,NA,0,NA,NA,NA,34,5.4,0,0.19
"PYBI_95","2022-2023","PYBI_95_2022-2023",3,2,1,59.9,26.2,76.75,14,8,"6",24,12,11,6.71,0.74,0.67,0.94,NA,1,153,17.41,3.78,3.59
"PYBI_95","2023-2024","PYBI_95_2023-2024",3,2,1,51.03,17.4,67.85,7,4,"4",14,7,6,2.17,0.1,0.1,0.29,0.1,0.13,120,7.74,1.1,1.09
"PYBI_95","2024-2025","PYBI_95_2024-2025",1,1,0,79.3,0,79.3,5,4,"4",11,9,8,1.11,0.91,0.91,0,0,0,133,6.43,4.73,4.15
"PYBI_96","2021-2022","PYBI_96_2021-2022",0,0,0,0,0,0,2,1,"",9,1,3,1.65,NA,0,NA,NA,NA,21,4.5,0,0.13
"PYBI_96","2022-2023","PYBI_96_2022-2023",0,0,0,0,0,0,7,6,"6",20,10,8,6.8,4.94,3.44,1,NA,1,139,15.73,7.94,6.33
"PYBI_96","2023-2024","PYBI_96_2023-2024",2,1,1,40.15,26.6,53.7,6,6,"4",9,4,4,0.79,0,0,0.12,0,0,66,3.18,0.27,0.27
"PYBI_97","2021-2022","PYBI_97_2021-2022",0,0,0,0,0,0,1,0,"",6,0,0,1.35,NA,NA,NA,NA,NA,NA,3.85,0,0
"PYBI_97","2022-2023","PYBI_97_2022-2023",0,0,0,0,0,0,0,0,"",6,2,1,5.79,NA,NA,0,NA,NA,28,8.04,0.08,0
"PYBI_97","2023-2024","PYBI_97_2023-2024",2,1,1,46.8,37.4,56.2,4,3,"2",11,7,8,6.85,0.39,0.39,0.21,NA,NA,121,9.18,3.83,3.87
"PYBI_97","2024-2025","PYBI_97_2024-2025",0,0,0,0,0,0,7,5,"4",11,8,6,0.65,0.45,0.3,0,0,0,121,3.51,2.42,2.12
"PYBI_98","2022-2023","PYBI_98_2022-2023",6,2,4,47.1,19.52,102.25,10,8,"7",18,10,10,0.76,0.1,0.32,NA,NA,NA,97,6.76,1.98,2.95
"PYBI_98","2023-2024","PYBI_98_2023-2024",0,0,0,0,0,0,13,9,"8",16,8,7,0.44,0.03,0.03,0.38,0.14,0.05,140,3.14,0.76,0.79
"PYBI_98","2024-2025","PYBI_98_2024-2025",0,0,0,0,0,0,1,1,"",3,0,0,NA,NA,NA,NA,NA,NA,15,0.62,0,0
"PYBI_99","2022-2023","PYBI_99_2022-2023",0,0,0,0,0,0,5,1,"",12,7,7,3.6,0.24,0.24,NA,NA,NA,35,9.32,2.79,2.79
"PYBI_99","2023-2024","PYBI_99_2023-2024",1,1,0,136.7,0,136.7,11,8,"5",17,8,8,2.57,0.33,0.33,0.47,0,0,146,8.67,3.87,4.14
"PYBI_99","2024-2025","PYBI_99_2024-2025",4,3,1,68.18,12.5,86.74,8,6,"6",13,11,8,1.05,0.09,0.06,0.19,0,0,135,3.78,1.87,1.68
"PYBI_V5","2019-2020","PYBI_V5_2019-2020",0,0,0,0,0,0,13,7,"",21,13,10,2.21,1.13,0.5,NA,NA,NA,63,10.54,4.46,3.15
"PYBI_V5","2020-2021","PYBI_V5_2020-2021",2,2,0,36,0,36,3,3,"3",15,4,5,10.96,0.01,0.04,0.62,0,0,168,14.14,0.62,0.99
"PYBI_V5","2021-2022","PYBI_V5_2021-2022",0,0,0,0,0,0,5,4,"3",14,4,4,5.98,0.03,0.03,0.37,0,0.08,161,16.01,1.85,1.43
"PYBI_V5","2022-2023","PYBI_V5_2022-2023",1,1,0,32.9,0,32.9,1,1,"",12,4,3,7.69,0.01,0,0.76,0.18,0.05,134,14.74,1.8,1.74
"PYBI_V5","2023-2024","PYBI_V5_2023-2024",0,0,0,0,0,0,3,1,"1",11,5,6,3.52,0.19,0.24,0.13,0,0,120,6.97,2.12,3
